-- phpMyAdmin SQL Dump
-- version 4.9.5deb2
-- https://www.phpmyadmin.net/
--
-- Host: localhost:3306
-- Generation Time: Nov 18, 2021 at 09:42 AM
-- Server version: 8.0.27-0ubuntu0.20.04.1
-- PHP Version: 7.4.3

SET SQL_MODE = "NO_AUTO_VALUE_ON_ZERO";
SET AUTOCOMMIT = 0;
START TRANSACTION;
SET time_zone = "+00:00";


/*!40101 SET @OLD_CHARACTER_SET_CLIENT=@@CHARACTER_SET_CLIENT */;
/*!40101 SET @OLD_CHARACTER_SET_RESULTS=@@CHARACTER_SET_RESULTS */;
/*!40101 SET @OLD_COLLATION_CONNECTION=@@COLLATION_CONNECTION */;
/*!40101 SET NAMES utf8mb4 */;

--
-- Database: `school_cms`
--

-- --------------------------------------------------------

--
-- Table structure for table `articles`
--

CREATE TABLE `articles` (
  `id` bigint UNSIGNED NOT NULL,
  `created_at` timestamp NULL DEFAULT NULL,
  `updated_at` timestamp NULL DEFAULT NULL
) ENGINE=InnoDB DEFAULT CHARSET=utf8mb4 COLLATE=utf8mb4_unicode_ci;

-- --------------------------------------------------------

--
-- Table structure for table `failed_jobs`
--

CREATE TABLE `failed_jobs` (
  `id` bigint UNSIGNED NOT NULL,
  `uuid` varchar(255) COLLATE utf8mb4_unicode_ci NOT NULL,
  `connection` text COLLATE utf8mb4_unicode_ci NOT NULL,
  `queue` text COLLATE utf8mb4_unicode_ci NOT NULL,
  `payload` longtext COLLATE utf8mb4_unicode_ci NOT NULL,
  `exception` longtext COLLATE utf8mb4_unicode_ci NOT NULL,
  `failed_at` timestamp NOT NULL DEFAULT CURRENT_TIMESTAMP
) ENGINE=InnoDB DEFAULT CHARSET=utf8mb4 COLLATE=utf8mb4_unicode_ci;

-- --------------------------------------------------------

--
-- Table structure for table `migrations`
--

CREATE TABLE `migrations` (
  `id` int UNSIGNED NOT NULL,
  `migration` varchar(255) COLLATE utf8mb4_unicode_ci NOT NULL,
  `batch` int NOT NULL
) ENGINE=InnoDB DEFAULT CHARSET=utf8mb4 COLLATE=utf8mb4_unicode_ci;

--
-- Dumping data for table `migrations`
--

INSERT INTO `migrations` (`id`, `migration`, `batch`) VALUES
(1, '2014_10_12_000000_create_users_table', 1),
(2, '2014_10_12_100000_create_password_resets_table', 1),
(3, '2019_08_19_000000_create_failed_jobs_table', 1),
(4, '2021_08_09_103639_create_roles_table', 2),
(5, '2021_08_09_103833_create_role_user_table', 2),
(6, '2021_08_09_125459_create_page_categories_table', 3),
(10, '2021_08_09_130230_create_pages_table', 4),
(12, '2021_08_09_141059_create_articles_table', 5),
(14, '2021_08_09_143643_add_more_cols_to_pages_table', 5),
(15, '2021_08_09_145354_add_completed_col_to_pages_table', 6),
(16, '2021_08_09_140627_create_news_table', 7),
(17, '2021_11_15_111743_add_slug_col_to_news_table', 8),
(18, '2021_08_09_141639_create_site_settings_table', 9),
(19, '2021_11_17_145013_create_sponsors_table', 10);

-- --------------------------------------------------------

--
-- Table structure for table `news`
--

CREATE TABLE `news` (
  `id` bigint UNSIGNED NOT NULL,
  `title` varchar(255) COLLATE utf8mb4_unicode_ci NOT NULL,
  `slug` varchar(255) COLLATE utf8mb4_unicode_ci NOT NULL,
  `content` longtext COLLATE utf8mb4_unicode_ci NOT NULL,
  `thumb` varchar(255) COLLATE utf8mb4_unicode_ci DEFAULT NULL,
  `created_at` timestamp NULL DEFAULT NULL,
  `updated_at` timestamp NULL DEFAULT NULL
) ENGINE=InnoDB DEFAULT CHARSET=utf8mb4 COLLATE=utf8mb4_unicode_ci;

--
-- Dumping data for table `news`
--

INSERT INTO `news` (`id`, `title`, `slug`, `content`, `thumb`, `created_at`, `updated_at`) VALUES
(3, 'Section 1.10.33 of \"de Finibus Bonorum et Malorum\", written by Cicero in 45 BC', 'section-11033-of-de-finibus-bonorum-et-malorum-written-by-cicero-in-45-bc', '<p><span style=\"color: rgb(0, 0, 0); font-family: &quot;Open Sans&quot;, Arial, sans-serif; font-size: 14px; text-align: justify;\">At vero eos et accusamus et iusto odio dignissimos ducimus qui blanditiis praesentium voluptatum deleniti atque corrupti quos dolores et quas molestias excepturi sint occaecati cupiditate non provident, similique sunt in culpa qui officia deserunt mollitia animi, id est laborum et dolorum fuga. Et harum quidem rerum facilis est et expedita distinctio. Nam libero tempore, cum soluta nobis est eligendi optio cumque nihil impedit quo minus id quod maxime placeat facere possimus, omnis voluptas assumenda est, omnis dolor repellendus. Temporibus autem quibusdam et aut officiis debitis aut rerum necessitatibus saepe eveniet ut et voluptates repudiandae sint et molestiae non recusandae. Itaque earum rerum hic tenetur a sapiente delectus, ut aut reiciendis voluptatibus maiores alias consequatur aut perferendis doloribus asperiores repellat.</span><br></p>', 'RkQmMr8zHT8XHiaxiz5TmrS49jsHXG3uWhSsGdpR.png', '2021-11-17 13:22:42', '2021-11-17 13:22:42');

-- --------------------------------------------------------

--
-- Table structure for table `pages`
--

CREATE TABLE `pages` (
  `id` bigint UNSIGNED NOT NULL,
  `page_category_id` bigint UNSIGNED NOT NULL,
  `title` varchar(255) COLLATE utf8mb4_unicode_ci NOT NULL,
  `content` longtext COLLATE utf8mb4_unicode_ci,
  `path` varchar(255) COLLATE utf8mb4_unicode_ci DEFAULT NULL,
  `slug` varchar(255) COLLATE utf8mb4_unicode_ci DEFAULT NULL,
  `completed` tinyint NOT NULL DEFAULT '0',
  `banner` varchar(255) COLLATE utf8mb4_unicode_ci DEFAULT NULL,
  `footer_image` varchar(255) COLLATE utf8mb4_unicode_ci DEFAULT NULL,
  `created_at` timestamp NULL DEFAULT NULL,
  `updated_at` timestamp NULL DEFAULT NULL
) ENGINE=InnoDB DEFAULT CHARSET=utf8mb4 COLLATE=utf8mb4_unicode_ci;

--
-- Dumping data for table `pages`
--

INSERT INTO `pages` (`id`, `page_category_id`, `title`, `content`, `path`, `slug`, `completed`, `banner`, `footer_image`, `created_at`, `updated_at`) VALUES
(1, 1, 'about the lagoon school', NULL, 'home', 'about-the-lagoon-school', 1, NULL, NULL, '2021-08-09 12:25:24', '2021-08-09 13:45:21'),
(2, 1, 'meet the head', NULL, 'meet-head', 'meet-the-head', 1, NULL, NULL, '2021-08-09 12:25:24', '2021-08-09 13:45:21'),
(3, 1, 'educational philosophy & model', NULL, 'educational-philosophy', 'educational-philosophy-model', 1, NULL, NULL, '2021-08-09 12:25:24', '2021-08-09 13:45:21'),
(4, 1, 'news and updates', NULL, 'news-update', 'news-and-updates', 0, NULL, NULL, '2021-08-09 12:25:24', '2021-08-09 13:45:21'),
(5, 1, 'virtual tour', NULL, 'virtual-tour', 'virtual-tour', 0, NULL, NULL, '2021-08-09 12:25:24', '2021-08-09 13:45:21');
INSERT INTO `pages` (`id`, `page_category_id`, `title`, `content`, `path`, `slug`, `completed`, `banner`, `footer_image`, `created_at`, `updated_at`) VALUES
(6, 1, 'partnership with parents', '<p><span style=\"color: rgb(0, 0, 0); font-family: &quot;Open Sans&quot;, Arial, sans-serif; font-size: 14px; text-align: justify;\">There are many variations of passages of Lorem Ipsum available, but the majority have suffered alteration in some form, by injected humour, or randomised words which don\'t look even slightly believable. If you are going to use a passage of Lorem Ipsum, you need to be sure there isn\'t anything embarrassing hidden in the middle of text. All the Lorem Ipsum generators on the Internet tend to repeat predefined chunks as necessary, making this the first true generator on the Internet. It uses a dictionary of over 200 Latin words, combined with a handful of model sentence structures, to generate Lorem Ipsum which looks reasonable. The generated Lorem Ipsum is therefore always free from repetition, injected humour, or non-characteristic words etc.</span></p><p><span style=\"color: rgb(0, 0, 0); font-family: &quot;Open Sans&quot;, Arial, sans-serif; font-size: 14px; text-align: justify;\"><br></span></p><p><span style=\"color: rgb(0, 0, 0); font-family: &quot;Open Sans&quot;, Arial, sans-serif; font-size: 14px; text-align: justify;\">There are many variations of passages of Lorem Ipsum available, but the majority have suffered alteration in some form, by injected humour, or randomised words which don\'t look even slightly believable. If you are going to use a passage of Lorem Ipsum, you need to be sure there isn\'t anything embarrassing hidden in the middle of text. All the Lorem Ipsum generators on the Internet tend to repeat predefined chunks as necessary, making this the first true generator on the Internet. It uses a dictionary of over 200 Latin words, combined with a handful of model sentence structures, to generate Lorem Ipsum which looks reasonable. The generated Lorem Ipsum is therefore always free from repetition, injected humour, or non-characteristic words etc.</span></p><p><img src=\"data:image/jpeg;base64,/9j/4AAQSkZJRgABAQAAAQABAAD/4RTuRXhpZgAASUkqAAgAAAADADEBAgAHAAAAMgAAABICAwACAAAAAgACAGmHBAABAAAAOgAAAMgAAABQaWNhc2EAAAYAAJAHAAQAAAAwMjIwAaADAAEAAAABAAAAAqAEAAEAAAAQAgAAA6AEAAEAAABAAwAABaAEAAEAAACqAAAAIKQCACEAAACIAAAAAAAAAGI5NTM3ODQzNDhiNmJlMzgwMDAwMDAwMDAwMDAwMDAwAAACAAEAAgAEAAAAUjk4AAIABwAEAAAAMDEwMAAAAAAGAAMBAwABAAAABgAAABoBBQABAAAAFgEAABsBBQABAAAAHgEAACgBAwABAAAAAgAAAAECBAABAAAAJgEAAAICBAABAAAAvxMAAAAAAABIAAAAAQAAAEgAAAABAAAA/9j/4AAQSkZJRgABAQAAAQABAAD/2wBDAAUDBAQEAwUEBAQFBQUGBwwIBwcHBw8LCwkMEQ8SEhEPERETFhwXExQaFRERGCEYGh0dHx8fExciJCIeJBweHx7/2wBDAQUFBQcGBw4ICA4eFBEUHh4eHh4eHh4eHh4eHh4eHh4eHh4eHh4eHh4eHh4eHh4eHh4eHh4eHh4eHh4eHh4eHh7/wAARCACgAGgDASIAAhEBAxEB/8QAHAAAAgMBAQEBAAAAAAAAAAAABQYABAcDAgEI/8QAOBAAAgEDAgQDBQcDBQEBAAAAAQIDAAQRBSEGEjFBE1FhByIycYEUI0KRobHRFcHxJFJig+GS8P/EABkBAAMBAQEAAAAAAAAAAAAAAAECAwQABf/EACQRAAICAgMAAwACAwAAAAAAAAABAhEDIQQSMRMiQTJRkfDx/9oADAMBAAIRAxEAPwD9MVKR7v2l6LEoMVtdyZOF5gEB/M1WHtIilcLFp4jUn4pZf4pLQveN1ZoNSs9n47vFkZUt4AAdiVJz69art7QNRXH+ngbfsh/mu7I7sh+1tbhtIu1tXZJ/Bbw2XqGxtisrtePkjBSW/wCI4nxgB7ZXAPnvRdPaLdhcyafEDjplv4rrBx5ZSyD7VpNpv1IZSf1FUjJL1GbMu7TUqCPs94kfWrq8tnvJLvwo1kVpIPCYZJBGB17U5Kciliz4q0FRzJGsBbb3IwCfyFdZOJoWcLYpDOO/PNyEHywR/ei9vRTHJQjUnYx1KVZeJNXSQKOGrqQHoYnDj8xXRNf1lztwxfAeorurG+aP+pjNUoHHq2rNjOgXK/NgP71YS+1Jvi0iVf8AsX+aFBWRP/jClSqK3V6eunSD/sX+aldQ3dH5xJmvYJxJOiGMq6hRnG+MbbVaikW1cREzS8wyDIVXGPPNcYXkF1Msjc7XKsjWrA8yY6EbY/x2qnNArv4QuxIAAzOM5gJ8zjt6fSpxX4ebkdbvYx6ZqlhMpCziKRW5eUyAjP5H9KvjVYIpDHcIyPj3CEDq36Uo2aRCB53kH3R+7mCNyyEHZTtmmHV45pbGy9x1v5OXEYBCsSOuem4/muqmVjkco3+ovRarbT84EUGFHvFhjf0wMVaQ2rxjxLdAW6cxU7Upw2+buUxCYwxoGnUR5dmHXl88/lVm18ZtJeQzN4wP+9cw4PfHTPYU3X9BDLfowNaW4h8aGMDfYjO/1H8VUbUDCcK2eXsWIwfqKGMwjaGTxXaGMkI8SsQ7YJ9MbjHng1cadjJHDMqmR1DF2I5EUjOMdaDiVjPRftOJrkPypJJGwGeU9D8qK2XG11GwRpWznt0pPv4FfM6Rsq8/JG4Bw5H60M5mS4Ks2WB8808FZLJkktI2rTeMo5QBMikn6f8AlH7LWbG5wBJ4bf7X2rB7e5mgkBAbHz60RtdfmiuPcb3PLNOopujlyZx9N3VgwyCCPSpWaaHxRKGGJcAnGCev0/zUrvjf4XjyYNGZmR0vLbmZGmaXBv1mbZSOpP13PWrdqJotRSNFhtJWjPiS+J7lzvsCDtvnp02qlOsQRvst9JGQ8ZuIHlUc5xjK9jnJxttmiVutt/ULZFnlNsS6rbyTKCrHt8skb4GTSxW7PPbstaJbTuuoW8S29sMkfZpZGaPp28+3TfbyotcabI/C1mi5lXmjxC8bu+ObDcuOoztnvt0rhpf2aB795rqZ7hYyzRm4B8FFXclj0OwG3TtWZ6xx3qFxZi0024ht42YpDGQ803IGyGyfhxtjHan6WUx3VI1KWyjj4ht5DbeKTC4RRAc25BxuS2TjP7VwgsmW11OHBXmYu83urzAj4dvhB9PQVn/D3EPEbRsZ2jeZssktxApkJx0znOO+DVLPGNtcNqTXF5zq5IaGUtjPcjpgeVM1F6KLBP2jRzbymytboIgk5l5EAZwqg7sV23+fXpXG9git5mgN+Y7T3hOcBfFbOcDuTsPrSTpnH0kNtJp+twyyW8je9KrHmXfoQTj+25p1tNZ0vVTA2lWqs8bAW48MCPOBzM3cH0oOAm0Dr11e8k8NWaWRDiMOSIBjqT54+WK9pY3EltJNIVWFcAzSKATj+1MWnW8Yuri4uoIVZZWeZlPunHU+QA/f5UncXaxcX1yTHDNBp8bfdAIQp/5H1/ai49UBJyZSvtc8G5Nra5kRTys0g6/LuB86sxJdPZLfC3cQNg+Ioyq9sHy+tB54ReWxeJszJ023PpTn7DNciTV5NFu1ElvdIRyyAEMDsykd+x/OkTos8UZIo2d4UTOdwMHNSrXtE0Q8O8SzWFoD9lmAltlY9Fb8OfQgipXRkZZpxdAcPbPpC+PpriCPBhuoocFlBwFY9D0O/Xajy+Mn2WeazAk8YeFLHCFD5HcHvuNsd6o6YmoyabIizWsEDISIpZGHiYO2B0O+4otc2uo26xbxxXbCOWC2eFnWUE+8eboMd/yzTNbDCLasU+PuI5tM0C7tooA095F4KyHGVTmPl026g0o+z3SFvYxeP77ysSxx1q57SIr640iaQXKTW0c7s80cPLlmOCMDfp27A+tFfZgrR6fEqxBsqG95+VQPnQyOonocOCbsfNI4X8aNSIgB8qK/Y301SwUDAwQe9WND1sIVgeLkPZlcMD9RVDiHWfvZEYxxoDu8mcAfIbms6Z6DV++Gbe0vREMf9Vso1SUt97GowHHqKDez7XJ7KC9ht5FSKZPDkVtiwHYeR3NaRbiDUhNayOjZXnUGNkOcZGx7Gknhbh3n1JraZZEF1fRx2uce7GWPM2OvQYH1NaMU7VMxcnGltG58E6bDOmnwTBORofHeMge+q4AGPLJB+lFeH4NQueJNc07WVMtrbsn2UAfcyRSA4BU7cwxjyrzpmhseJbfVbe+MUFjCLZoMHD5XmJ8vxAfQ0yC+zLgJhc4DZ3pMkk2LigoxRgntA0Wy0bW11HR1KadPO0LR9opF6gf8SNx9avcKeznUbm6g4i0zVLaECZiqyxseQY3Pr8vWm72o6PYWPs4eC2zI9tJE5kf43PNy5P8A9Gqvs24ht7Dh4xXTyZ58qApI3GKSUqjYIpKTTFz2r2erx65psuo6ol/Pcc6xrHFyLGoIICjJ86lT20ax4msaHJEnL4SySDPfv0+lSmxtSVkciTkwW0C2zWMuoapPcPJdOI7VZ1jkj5hjLHoGO/p2r3xBLaLcw2/9bN7I9mCZ2mYrAobPKuMdNtu5Hagci2NmtrDGyNqckmZXKbJt8KZ37nm2rzrE9u0sdpZxDwYVzPKwAaTJ65Azg7YXt+tUT2cseile2+j3skjRRtGkchQxFmcTsw6/yM+WKM8P6VaRxx2LQt4cYwInJYHboemev7VSiv7u6u4Z4oCUiYLBbsnvMQAF5fQbY86YdJtdSsporjUrV4Hm98B+vyqeZ6tHocSG2qDGk6ZJpGmQZdR4bnlllADHPnjAAGP81fmsYdSuZrSaWOWSRMs0YIz32OxB9RVi41eeVYrVLBnyBmQYAX/2uOpz6vEyyWsUOSOXds7euKjtvtZq6aqjqtotmoikCs0cQjTm3KqNgBSzw7EDxrZRlCTDMWdiozkKR+melE7pr+6uVADzTYyVjGSfQV64V0XXLbUo7rUbG7kVFcqwjOQSw3Yf5quHbtkORBqNDrpl3qQ1fVhLDHHpkdyUhkJIeVsDOB3A86NvLFFB4rOuMe7g9aQOI7jiWGxhisdPnkurrm8Esh5YxnLE+oG+Ks2GkX2vJGq6ubKG0YSTzDBLYBwPlnc/Ki427Mjcl4T2oyW1vwJJ99491fXQUsdmChi4X5ABR60j8N6tJplsngl+YZJTlJz32x6Cpx9qK3eoxWkMpmt7cciPy48Rj8T47Z2x6V60XkjSXOJomGeV0GM46HbIGP8ANQ5C+qiyE9+i97VNUi1bV7CGzBiMduY8P7oDsTj9xUoHxuj3uuTpa23geDGvOgYHlx1P7VKtjVQSGUS6LmVrdIRFHLOZWJuApzGp6Bj0A677Zo9wBpj8QcQ2lhKpl063UyTMVC+Jg9DjzJ/KkmOWd1MUUnxSKTvtjp07nyFb77LtD/oXD0YkiZLi4bxZA/xKD0U+oH6k00XZsxwTdjLa6DpUN9Jcw6XAJiAC4XGAB0HlXvU9Etb+Ew3CIp6gKWZh61dkuRGuB/7XvT2G8ssqqG2UA/8A4mi26LqUo7QsQ8KahBKDa3aSp5TLybfTNX5+Gr26jEcl3bwD/gpYj9qaACfw7duY16UMudgak4oDzSYL0DQLDRwXi8SadhhppPiP8CjK7YIArwDnGRX1yOU5bA+dcTk3J2yjxJdTWeiXd1bMyyRx84PJz4wRk477ZrH9V4lik0+7S0nMxRfEkSNQinfuB1+tbD4rFZLaUghlKhn7g7HNfnG+099B1K+0p2R5opgksYGVwc4xn5g/Ki59ESyRdHK3L3Krcy3ESO7kAYJeM490H519t/tTXsV0L1Ybpy34CT4fpjZqYtN4dR4SsjGEXRijtoYWGZ5ce6AT06g567VX00Lp2n3EscZLI7GaaQ55QOoGPl28qh9pO2Tx4XPbMw1SZ59cuGa7OJLloDOq4U9vp0qVW1a/0m51G6TQhc/09MXP+qbBdx8bLt0yTgHfFStXmiigjpwbJcS6sl6CVS3k9zzLBsj8sV+nYtdtrywhuLPmPiAEdznuPnmvz1pUKafcyB8FHORnzxWgeywS3813KZ5haRnwxHGficjJOe2B39aWM/to3YcaS2araQXVwPvCIx0B6nFFrOKztEA8VQfMnJ/OkTXOJ20+MaZp7O06gBnfB8Mf3NCLSWWZjJcTPK56lmzTSkLPejXBdwkYhYN5kGvJuG8j+9Z7a3TQgMrEAetM+magJ7VZI3OOh9DRSTE6f0HlmOAemfSvTGJ/jc57b1Ut2ZkZpGwo/OgvF+tppUcKW4SSeUFgGOcDzNBqhVG3R14q1BLC0EniDxkPuLzhfEBrONQk1m9ubq/a3sZvFxlSQSQBjuK+aldT3lx491K0sjeZ/T0rrCGMBwCKRyKNaoBaHqYsNXV7qMW0QLJKioOZAwwSObyzkGvusSXemcK6vbLZTGG3tZHE0Y5kdcYB5xtjcVw1OKOS8QzorAnlYnyNJHGjalomgX2m2+o3D2N1hVikl6AsCdgOoI6+VQ+RLJ0YZKoXFCTYuZEt0l9y2jfwWlA6cxzv51KpSCe5kdhiGMIpC9m5Vx+fWpWp0ZUmM2hpxBxRrcWm2dnOokbDTBeYJ61t+nWVv7NOEXtpbgXOp3Z5lQHYNjdj5gf2FdPZPYWujW7Rc0YmigRdl6sfiekrivVzrfEd3cly0MbGKHJ/CDjP1OTUMU1OCyf4Nkk8a2FtDma7YzSuZJHbLsepJpttolVBygetIHCbsjSoT0banS2nYJuTRsmXryQRwHBrhwzqskWoG2D7SZwPUVQvbomMgnFDNDnzxNZ5J5UYs2PLBFUg/simNfY16zuXn5EViA/xH0xvWXf1AX2tanfSueU3LlcnYIDhQPTAFPFtdeFo2oXSDeCCQrnseU1j2s3BtJxHGT4dyFyR2IG/6U2ZjSXVtDLZSNf3ZuFBWEDCD/d60YDrHCQSOlBdMn5LdQu2RXeWU8pGalZJgbiaeOOJmBwQwIx86FcRcPrr0bFpWQA/d48sDPXbtXPiibxJ4bcbl5FXHnkirHF2vwcN6S95NlyTywxA4Lt5D+9eby5TWSKx+l8Sj1fbwXLrgOA2QhhvZUnjDYDgHBPfbp/7Uq1wjrNnqRkuLSfxDMoLox99HBzhh+e/SpUZcnPifVso8GOW0GuIdUuLG1ea1naJ+UpkHc57UqaXN92CTk9zVrjacmzBGSMHpS5p18OVd85Ga3cONYkLzFSiPvCsgM0m/Vqd4XAhyenas14Ouc3LLkfFWiRnNrk4rQlsyXoGatc8hbcUkXnF11oGrC8tbBb/ANwo8RYjY9xjvnFFuKLzklKgmsq4o1KQagDFK6FVJJUkelUx7kc5uO0aOOONU1qLleb7LaE5+zRMQv1PVvrVPXtWEtxZpnOGJ/Ss/wBN1BoF5AxwOnyq5Z3b3mopliVT96aUd2d8rl6a7o927wKeaiNxdCO3JZsbUs6NNyxovbFeOJdUWKPlDdqnQWwDxFxHBp+rQ3k6NIkTllRTuzY2H50gcR63f8QXxur58gDEcY+FB5D+a+69NLqmpeFGdwCUB/F8qoLBM1vLJGhIix4g7r6mqRwxT7VszZMzf1/DnaXN3pl6l7ZTNFKhyrD9iO4qVxlSVVUujAOuVONmHmKlPLFCe5Kyccso6To1/WW+0WzQsB0wN6TLMvFM8J2ZG7+VPD2BdcxOobtmlLiGzura5W4aEpINs/hf6153Fmv4nschd4hzhO4KX5U7ZINatDMDYjJHSsP0G+5r5CVZTtnNapa3Bew5g2fdrV4zF+CvxZcjxWA7ms7vwpuXlblOSFHnTjxK/vMSdxSSwaadlG4BJzTwGhudFa6KpJucAjY+dEeFEZpS4/EdqFXZDZj2ILY6UZ0eb7Ig9zbzFUdtEppKY+Jcpb2+S/bzpL4q1rLEB8E7VNW1tDAcOPXek6edriYtKch+9LCF+k8mSloIRF5o/s7Ny3EP3kEg2LDrVuO9dgNTgAF1EOS6iI2kU7HI7g96FwF3YRc2Jot42866yytzfboRhx7syfvVjI2MGjXmko/2PUBI2jXTc0cgGZLGY/jXzx0ZejD1qUuxSRxEvgvaTbOoO4+XkRUo6Iy2z//ZAP/bAIQACAYGDhAOCAkJCAgXCxUYDQgHFxcaJx4eChwJIxkcICUlISYdKxUqJiQfChkeIB0ZKCglHiUuHyUnKCotIiEqJwEJCQkNEA8OEBAOJQ0ODiUmKSojJSkmKyU3OB4vJyU5NiclHhslLikoLiUtLionOi4lKiAtMSsfJSkqJyAoKSow/8AAEQgDQAIQAwEiAAIRAQMRAf/EABsAAAIDAQEBAAAAAAAAAAAAAAMEAAIFBgEH/8QASRAAAgIBAgMGAwYCCAMGBwADAQIAAxEEEgUhMRMiMkFRYQZCcRQjUmKBkTNyFUNTgqGxwdEkorI0Y4OSk+IWRFRzo9LhB2Tw/8QAGQEAAwEBAQAAAAAAAAAAAAAAAAECAwQF/8QAJxEBAQEBAAEEAQQCAwEAAAAAAAERAiEDEjFBURNhcYEEkSJSoRT/2gAMAwEAAhEDEQA/APr8kkkQSSSSASSSSASSSSASSSSASSSSASSSSASSSSASSSSASSSSASSSSMJJJJAKW3KgL2OAvzZi6cUpPJdRX+8yfixu5pvTcZy1HDi262zUYQtaiYBPOgypzrn9T1vbcx9GW5D4XT9DCT5u3DHXBr1tePoZ6W1i47PUHP5WMLwn/wCj9n0eScFTxDiHIL22fF5Hwz3+n9cPHXd/5Ye2q/8Ao5/DvJJwY+LdSOTp+4np+L7/ADVIeynPX5d3JOa4L8Tdq4puXme6hnSxWNeepUkEknpEpJJJIBJJJIBJJJIBJJJIBJJJIBJJJIBJJJIBJJJIBJJJIBJJJIBJJJIBJJJIBJJJIBJJJIBJJJIBJJJIgkkkkAkkkkAkkkkAkkkkAkkkkYSSSSASSSSASSSSASSSSASSSSASSSSKhi/FFedOz/hIb/zcpg8E0hsp1FZ+Vu3q/MbVGZ13EqN9Oorx1Bny7Wa62s12ae6xcgo20kbthzzx/PNOPMxyevPO/Vdvp+HfO1LEjy8mC+phBw0N2hrq58tvPwj9Z8/r+KNYvTW3Rmr401i/1w/VRHOaz5vNfQNBpAuLGx8y855qnXD4rw/y7fmHocTiB8c6rzNB/uiHp+Obf6zS6T9jC80/dznt+GxZVnORF8be8qrn3AP+cEPjRD/E4dX/AObEKvxbpOYs0Vo+hi8o9s/7EtQ2Lq7FKZIHhGBmv2GJ9BotDoli9GAdf70+e8U4zpbF040tdwdWLNkDpZOz4C+dPUufDuq/9Mw7dHoXzZ8tOeGezw+ch0vZJAehkgEkkkgEkkkgEkkkgEkkkgEkkkgEkkkgEkkkgEkkkgEkkkgEkkkgEkkkgEkkkgEkkkgEkkkgEkkkiCSSSQCSSSQCSSSQCSSSQCSSSQCSSSRhJJJIBJJJIBJJJIBJJJIBJJJIqEM+afEfCGFr1IO7k21fSyfS4tqtDXZt7RASPDK5uMvV9P3T+Hx48Kbztqz9ZP6Jb8dH7z6hb8M6ZufYr+hMUf4MoPR7Jp+o556HT50eFN5PV+4lxwl+eHr5ejCd/wD/AAXVzxdZJ/8ABaeV7R++D9DpwicNtHyjH1Et/Rjnnsnb/wDwYPLUn9p5/wDBvpqjFO4V9Hpwg0VqsCam8p9H+E7c0uD6xUfCZ8tVZ+wm5wvh4oTsw2STueLvrV+j6XXN2nZJJJm61U/yystKr84loBJJJIBJJJIBJJJIBJJJIBJJJIBJJJIBJJJIBJJJIBJJJIBJJJIBJJJIBJJJIBJJJIBJJJIBJJJIBJJMzzePxCAeySu8fiE8Nyedi/vEF5Is+vqHW1YGzjFI+cwLYfkmM/xFX0VDBH4gPPbUIaNb0k548Yt5nNYEXfi93lYf0GIvcNdTJORPErD1su/eVOuf8b/qZPvGuwkzOKbWv6H95X7a/lH7hrt93vJu9xOIXVv6y51b+TQ9w12mfeScOdbb+OEHE3/GYToa7SSckvE3/HLjir/iP7ytGuqknMDjD/ieejjberQ0e500k50cdMuPiH1V/wBoy98b8kxRx9fm/wAjCLx+r8df6mIe+NaSZ68WrPR6/wBGEZXWIfOM51B5JUOPIz0N7wN7JJJAJJJJAKfMfTEvKt6iUt1CJt7R0GfDk+KBaLJFTxKnob65P6Sp/wDqK48Hun5NSRT+k6f7euef0rR/9RXDB7p+TkkTPFqP/qFlf6Yo/tx+xhlHun5PSRH+l6P7cftJ/TFHL77/AAMeUe6fk9JEjxej+1/wMr/TFH9p/hFlL3T8n5Jn/wBNUfjb9jJ/TNP4m/aHto98/LQkiH9MU+tn7T0cWq9WhlL38/k9JEhxWr8Rnv8ASdX4jDKfun5OSRQcSr/HPf6Qr/Ef2hlHvn5NSRb7fX6mT7cn4jDKfun5MyRYa5PxGWGsT8UB7oPJAjUp6z37Qv4oYPdBZIL7QvrLdsIYNi8kp2gk7UesQ2Ma34jpXoP2ETf4uX5NOP3nGIrtknAT9zDqmcKJF6RLXRv8W2fLTTEdT8R3Ny3gD2AmZbyB24yBFa9aOe9P2hLpdVo/0sfOwz1uIMermIGyrl3/AN4SsI3IPWfw4ME+4z9ozzy37z1bfLfFnox03/qJRXsHyjELBKfViPSO6S4761LDGQrZEy67j8xEOp/NJxpK1+Kag73BA/y8MQOr9BCm9bEC2H7wd1WPzD3itmlI5wsGrjU/lnv2j8pi6n1EIpgNEGoHoZ5268+Rg/1lSnoYQat9pHoZ4dV1OxoLszPcwg1Ztd6IZau0tlSpwYvYinIIlKe5nG79fllQtC7dssBcnVlXPMw6WN1+1VftPBSv9kP2kKKOfZCVsKwZEfke1X9oRqX9R+xiTMvnUJO0Tr2cJU042mcAOyjHy8zAdi/XJ/RoMvX7y1bL5Mf3hpUUsw5Z1ufrylq3PnZqM/mXMg1HlvlTqD7QKcjoWHV6/wBVjNLt3SK9MfoSD/nM43t+GEGpHzVtHKMjd0+p8v8Aih9HJ/zzHl145D7RqP1VTOWTUJ872D8OBmMq/lXr1+hJH+capXT168f/AFen/VSP9YddU3ymk/Rxn9iJy6jUeS6dv2MjvYP4mi5e2RA706n7awxuru/YEfuJPtqno1f65BnIrxEr0GrX/KHXi5/+qH0YRD3V1K6wdSh/TmJncTpS8Up2xVkO5cjxbvKZa8QYnlTWf5Tgwq8T8m+0D64IjhW1H4C/9XqFMWt4LcvMo/6c/wDKaSXg880Z98qf8IwmoI54v/QhhKnVR7I5/UBwFSxLOXhyPL0im5PNmzOzTWg8msrPswKn/EGR+G6d+b6Or6gD/SE6L9L93GCxfUz3tF9TOiu+FNK3Kt7FPpn/AEMz7Pgl+fZ6qvb8uQcyvfEz0uozxanmTLfaE88x1fgu3zvqhB8Fv56pf2MPer9PogNSnpy+s9+1V/hmkPg0+eqH7Sy/Bvrqv2EPeP0umWurTpgS/wBtTkOzWao+Dk89S37CGX4Rq/trIe9P6PTGHEE8q0lhxJf7OubS/ClP9pd+8uPhfT+tv7xe8/0emJ/SY/sq/wBpY8S6YRcewm8Phyj0s/eej4f0/wCA/vFe1fo9MEcRP4Vnv9JH0WdCOB6f+y/cmEXhNA/qVh7z/Qv5c6OKN0wJb+km8h/gJ0Y4bT5aev8AaW+w1f2Ff7Q9w/Qv5c6OKPLjiz8huE6EaOrypq/aefY6v7Cn9hFqp6V/LBHFrPIyf0rZ6zoPstf9jV+wnv2dP7Kv9oaf6d/Ln14pZ6y/9KW/iM3uwT+zr/YT3YPwiGj9O/8AZg/0pb6mT+krfUzf2j0E9xFsP9O/9nyutWb5RthXIXKg85azkBholyLKHcfif6VzCRVsN1AAd5uZmI+1GdSf0mtbfX2lSBxkd7AmfxG1Nxfsz+Fo+Gfq/ClTo3LPP3ja6YdCpB+U45TLr1W7O2sZhE1t3ILjH0mljn56aoXUJ6NXCjUA8rFH6RCu23kctHaqkblaB+8VbSyrPpqzzFmfoYEVqvhcxptDp9uRec+xlKtXX4XO4e45witepqPcRhLG6KeUpsqbnWnOCZ7V8NUVipTRVj1USp07+SQC62/5aV/1hk4jqeWaf2EWHq409h+WQaK7yUwia2/oK3h0vtPTtYYJS32K8daj+xno0tv9i0aLW9WeyQO/9oY8Glfsln9iZBo7ev2ePgPy+9b94QU2+Vv+MMDLNNvnQZ4a7POlprdlbzxbPCt39oISBjhm86jLZHPNYmnm/wD/AOAk7a8cjWMfyiEGMdgh6pKGis+fOaj3n56a/wBpU6ivzoSEpWMw6IeTyv2E+TGagejzrP6S6pQfnsEe0YyG0r+RlOztE3V0tPyaswn9HE8676TCUe1zyu/nVPTcPOszXs0Vo61ftFzy5WVuPqIaMIC5fMGFTUHouqtEY7ND5CeHRLHKWCpqLevbKR7iEW5ulmnp/SJjR4ztYyxD+sVqpDeyvr2biX7D8F/7n/eJLa46iFF/qIvcMMmtxjdieq/mGsB9osLfr+kKLPzQnR4er1VvIdtWy/mA/wBY4lvnZpGX3Qn/APqzLR1xgqc+xlw7DHZ2GV7ixspqwRhNV+lgH+YjCs/XsRj1rb/QznG1X4wM/SepqsEGtzn2MNDol4h8ptAb0sBUw41Z6tU2PVcMJhrxV8YsCuvuAZddZSeW25G/ITj9jKGt1NYjcldc/XB/Yw271mEtrt4L9LavyhwFaQ6vZ469XX9O8sMP3N6SZFWtc8630z+wJRv2lxxUDAsFqn8y8v3EMHvjUki1WsBGccvbmP8ACFS5T4XESpRJJJIGkkkkAkkkkAkkkkAkkkkAkkkkAkkkkA+OaxbWYIhOIvXpGyWstH7yrWWuz77T83SePo1bG4mRHFe/JnRCntixfcflxC6u1T2hWv5pfhOhrBJJEefSL39o6mC8tjnBqW3A10j9ZoCi11RqlP7eGEL7GK16bJH6/wASaml1F4XAUL83QCVemPPOMlODapui2Y/aMp8P2g/fXVD3LRuyu05N/EAB7tMrUVacZ7XXFiPFtBh4pzlqJw2pO82tQ/QEmDGr0nR2OR+XETr4lpkHZ1V6hvw5MGOIq2dmhG4eohIqVsLZWQGqGRGqLW8k5TnhxG0Y2UhTGdNxK1jixlB9jyaFbc2Ns1k5OwSoos8iP3iq2v5sMwyu/LLyJ0vE7KwdbKv1Mt2TeV1Uo+nL5yx/QRJ9BcmSt+pxLlibGmlDH+tX9p79gc9NRX9MGZBttH9bf+phaeKMvI9p+8EzppHhtvP79cevMSt2itVdy6oYHpCrYzqAWswfUyPp2x1fH1lKpdKLeROqSGKXDmupo/XlM+3VFTjn+8KLHcblrsx6gwqLTX23UL/YH6GEXid/npx+hEzkUnKg2h/cz06a0dDfDDlrVOvP9ZQZQsh60CZuLh/XH9RPO2v6q9f7RWHrS7Ko9amH0Mg09Hm1gmaOI2j5Kj+sZTiX9rpXx6gwGnRw6g+HUGVHBB8mrH5Ys2q0rY3faVPqZBp6G/hcQOeUWQ/eZ/o3Urzrvz/jBM2pHKxCRLHhd/I060GUNmuTlithDBOnnb9d1A/aDN9fnWY0vEbDjt9IJ49lLdayJNitKh6/lv8A3lsN5GsiSzQ0t0KRb+jAvNLGH0MLClGez8VTQX2lOn+YxJ2do8NmR7iUs1B5drSIYejLah8xCKq+TiZ5fTt4gQZG0KnvVXH98wkGtAUejSFX8iMTIdLk5racCXr4laOToDD2j3RpHUEeJJO0B6jn7RZOIK3LOD6GXNi9cCEGjZ81f95ftm6FRiK9ovlPRZ075lQqdVkPVCD6gxim+wYFWp/uk8m/QzKLt1Bng1JlRNrZssTn2+lwfmZf9jDU2N002rVh+Fuv7GY9XEbEyUYEehGRPDq6X52UlH9V6ftCM7W0b1Uqb9Laj/Ky5/yMbq1IfArvof2YbW/QmY9eqvRc06lHr+YHmP2M8+3ad8rqdIVPrXy/cGVhzp0S6grncblPy7ssIxXrD1KAj1U5/cHDTD03a4H2PW12J+Buv0wZ62sryF1OltqtHhZen1hi53XRpqEbkr8/Q8j+xhZgbrGGan019fvjcontfE1zsZ7q28LK/eX9z3ovaqeo3pJnprjgMyZX8SEMP1GdwjVWpVudbA/Tqv1BisaTqDSSAyRGkkkkAkkkkAkkkkA+Q06E98s4kfZ52CDbQ6hy4NoVPlx1gxwVQ253sJ+bnIkct4E4Zrqkusr7Qnl3pqPrxlxVTmIcO0VSNbYRX+Fc9Zq1qO9kGLprzPDGq1tuShGGz3p662tYGbUNj2EGNQqXOzVZ7xmkLXfd2B0qY7zbgTyl4zuaTfQczkWMfEsFbotuSdL+rZjb32jFXajtMBlx83aew6GKauxzkOzZ94ajsTTcPJ2k6jSqhjy9kncfVFvdRMBrmXp4I5Uz2bVqZVx3mzzhZqJKa1NumG77xpnjiNO4AVttlLtLu3hf4g8Q/F9Im+n+Yf3o5BerK6Snia91DX3PlPnG/tSKN28YnNaVyO60Y7B37S7tgAMqq+WPeK8Rtx3cb9Ov5bq2GIb7YxyC5nO6FyjjB5HxibPZmZXxWkuxTU6djllz+YRBh4/bxTZUnBGecTPDak3tU9mT3nzzDGaTpPXDP+1MeRc/hWEbUuMAucSt2ibJerr4nWFouXkti9I2W0cvX2T2s3T92MU+3N/VuQni5S99YDo2wbR3vaJXale0ZhWNn/VHBfg7UzMc9o2frNPTcQtHMOfzZmXTSGAfTt3x4l8/0jWn1Q8Lr34j4vg5fxV2b7pAax3bcjmx9pAN2HX9uhWZljlS5qc8/FC0aluoaFrSVoov40BjiPp9pFiuIhXqV7gZ1DnupnkH+ktqG+Ur3oQ6YFWmY/d32D/KVOgqOduoo/WZaKUc8+UYRh3yT07zQnRYZ+xWLzr2kflMIhu6dpcP05TO1dWorSvVXVfdP3qip5r6BhCaTVWeNXb8wzmUn7aI1N69TUy+4wZG1Knk+n/bnPaOLHKo9YMDqddVlyqcvlIMTSBPWnyWY9jBvVYOddg+kYS+p15WDPuIM6Xrz6ehigpOzWXJzaueLxhG5W1nMdOks8nGPeI30bebVD9BDSsq2yludbjM8+xjnz7/AMuDiUq7FwUYAGBfQ2Kfurjt+XMIVSwWp1OUnhsB6pzhKjcOT80nroPF0MCsJuDmM6bVdFdRKlh5xewMvMLyhiJbK1Qy/pBsoPhaL6XUKe6TzhTWOZBhjS9eHrB16Eyp1Hky84JrHXo0r9oB5OsqRlpnf+Ez3tB8yxZR5o0gvPRllSItP146oecZW3ysUEf4xFDW3hJDy5sZevMSbqocalTg1Pg+/KNVcUuQCu1Q6ejc/wBj4hM5LlOBDCxh06e8JRafS3TuQ1bW1W/uufr4o6z3BT2iU21ev/8AR3hMdWqbk4Kt7cxC1F6yGrs5exhpw5Sadx7HUW1W+jdI472jadVpVdcblsr6xCzWVuMarTjP4l5GEo09i/ecN1gI8TIeR/UGaSltjS0+u3YFOprY/gs7rL9CI4uvA7tqWI35uY/Qic++sqY7eIaNks+Z15fqRHqEt2k6PU1W1fMrdQPTELGvPd/lurYCAwIx7cxLznl1iAncL6bP1Kt9RNBNRYAHZFdPxVnn+okXlrO2jJFqdarckcbvQ8j+xjAaKxUr2SSSI3yzU6p0Wt1QY9Zj6/VPyftWx82JrcRNe6xaMigndUJjapCVbaOUiOfumNDaHAT1nR02d0Lb4B3UYDmonHaR9myw9PmnR6HWI7JTqC3Ze3XFkdHp0jrtIQTaOaZ3Ljowim88ip5ibmuWtC9Wmbu+w7v1GZjmvbmCOp5Cq1I3ncDmO3Xo4xc3Md1H/wBGmbXX3nbEJUai6jVrZ2fe8PzHyz7RzGc8rGj8XT5fze4iguKnCsc/NiaTadeSUOey8Tein2iF1PMnMqC+PhdLOmJoC+o8rios8O7yb6zOA88c4XTtXv3WqeXh9M+8miTRb9Hz3Ayr8wAmcR+ulO/2Z+7+Ufhi4qwSMGFirPLzha7mKHrOiquG5abfH8reWPzTn9JaamewjuHutGNPxfDWZUd7vSby6OLMbN9GMgRN164M09GVdGPn80Vso8RHSTiq5zUal+0JDEYjiXK4B1FTIfkfHJ/rL67ThgzKOcSp1hbalrTXmsLM+RVv3s1TH7v5IDV6fHJRLrQzsBWvMzUuqCDv47X/AKfrFZ5ZTyxtNp3Z66a2AsY7VJPJJpatHrZ6net3Xu9op8veY2qZmbqcxjS6lsOLBylTyqXwMtuOeY50DOenzRfToh32sw7NfF/tAcQ1LE4WohB8pHNRFYqXDuh1um/4r7TQWcjbps9Fnmmds72ZyOStk52iuJU1BgGHX5o3pkbvoD+ZYlW+T717hhP5smJanWDnSh5jw/nM2NDoH1AerSsFRR9+zfM3kPpMHUabDujgdopKvg5Ga/QwzFW+B/tz3Vor2P3e6mTLaPcXVazz+aJ6ckMVMbWjad4JB+UiOM9+zOv1aqHprI7Tw2/6iZFLsMgnkZtXcT040aaNdF99z3E+vmwMxUHQnrEraa0R2vtJ5GaNmnOa1V9u4om7PJN56mIpQdqMojR1v3ZRx3vD/NGuU7xBrdK1aHU6awEd3Awyj3gBrlbG5CDENMm7vN1jpo8/LxNIqo9s01bc8CejT8hhjCPVatYss09gqbvVHyxZ0z6RZbyOjcvSAUYvzBTI9p7lT3XEJp78uw2Hp3sQ25H6MsLRIyLdKVztaCyw6rNS+vGNpiVjMrEOsqVlefJTb5gQysccjzEt3SxUQbIRyHlK+0XU+1H51nuVaUOPOU7OXEUQ1Ec1Jl0uz3XECHdfpCrYpjSMKs86zJvZeTZlOxb+rMuLiO7anOJovvUwqufXlAGpTzQym916g4iTWkloPUc4St8HKmJValT1jI9mk4uGu0U8rF5e0r9hc5s0dhJHe7p5pA7/ACMWw6N2lTnPiXBlcF01qfiBxinX6feg7vMYP6GM1aSmzFnDdWUs8SoTgzGHGskLq6Aw8LHof3hV0lT97SXYf5VPIzT/AMTO/wC20/EdRXhNdpA6epH+REJS+nc7tLqrKrfwk4DTMTiupp+7vTdX+YZEMLtHd5mq338OZMXOmrfZauBrNKroPC69frC6XU5yNNqg3zbH6r7AzLFOrow9Fu6r27ytPPt2ns5amk12fMy9P1EMX7v6dCusx3bFKt79P0MZF3TcP9v3mJV9oRQ1VldtH7mF02uqOVrc1v8AhbpJsaTt8zvu8AMYNeF6ftFtTpm5w+i1zUtRayqSpDLkZ51zOM7+4N/DbAVayqxXx2u1hgqPIwlSeFiec1PiD4q+0fZ66qNu3vsx6sfQegiHarZsAKi3/B4sHNk/d695HUDEr3WBdjy+aXuoJ2g9RK6W01MrlFwCHUEZDGvnzgnqodC+AxrsVvEqsCCy2dCPURK+rmJ0PxD8Vi9NPXTTg+N2PVT6KZldsl2CQFs+X0f/AGMWIs/sppyVY4PKMCpGBsd+ny9Wc+gEAqkOVdTn5hG9LqDVZXqFCbkIdcjlNIgtdorVOLKbVt8Tq3IqIEVjrNf4g+KftLafZVtVP3Yv15+kRytuMYWz9g/+xk4qz+4miu2uB5TXrXtSgoqLagnai9FX3J9JiUIwch1P4ec1aOJPpX+1VsMHusDzDj0jPn8gcW0NoZ1epgy+Nf8AUeomdpB3qyekb4hxy+677S7EDwoo6IPSM6bSjU77Khi1Rutx0aJcu3w1tK2NpTpNOvRPqARWVWpe8/ra3ofaZumoKpsszkecBbxGxN6VOcc0bB8QkujXmpqwbVyMrlXxz/hzmUPec4ms95VS+TBac02gl22ufPoH+srlh6t15w7UMhyjczlec29Tw3TLpF1Z1ZOpY7m/Mfwke0zrdEKVLWsNnyzKJJbJPL5fyy+6y4uC6rTF+zejqPGvn+krpRvdFc8vDB17gxYEzZTTtZUNRbpmVAdq2gcs/m9veLii8jjhvYWJcyK1akOwPRuzifxF8QJqba7KqcIo25I5vA8T19jBKWYbF7uR80za6OsqwTr6aGi2P/DOH9D0aaul03eXtFOR4pj6TRbuxrDgOzCpc8gu89SZ1vEOHtp1qpTUB9w7u7kyGvqQR1EiNZPDK1+sCWFdJa2/w2kHHKzymZdX5mM2aFlbI/vQyoCvf6DxQsP5J0d7bvRz+DA5/t5x+9lWsFWUlv4WJXg/GqtNfY9tHc5VIR1SUfUrfdbcqKN3kOW0R5CuYztLXl33nnG30menQd5p7dpNtrCvp83pB67VZASsHZ4mP4jEcvhucJ4Yj6ezWHV7duVQdQgr8mHqZgWuXu3kD/8AWKaaxu+oZsHxYMLpw29Sw5ZG6Oi9NLTKQ4AHIy+v1Sj7tDy+Y/iMaOltsLVaNAz47W85xtFnQA+pmW9Y+8SwEWDKuD1U1ycab4H1XxHbZUKLWGwfpu7PpmDqbdiKNWo5kfyx/S1japKnI9IRnumKdqF1/rCBu/KLOg/WL6vTnqCMzZ0fGaqKNRXZRus52eWLjZ0z6ATmFss9eUMXPhZrbAVDNy948mpRsFhg+/SAoG5WZusMNKVViekMK15qNGhBZAN47y4mYzN4wCYXmuSHOIWqzKgMnP2jTbKXFqtyxKFD1QxttOGyy4iBLAyuazwQWeTA5l9oPOU7dTyM9x5qZQWV2XGOkN9oVuTCDrcdLB+oh203zr09RFTAKsOaGWXU+TiVO4dOkuGB5MIUl+zU+E856pKwTVeaGWS0/NIp4bW/PJouxYZ2nlPWIPMGLi1o+UUcalTytWWCDrW8CGU8iIQVH5TNLUYdp4hYuFc5A7uD0jITT3buZSz5QeYzMpbzyDCE2K3Q84aeNBBqtN36nOz26NG045Rb3Nbpe94WZeR/UTNo1l1W01vy9DzE0E1OkvGNVVssPzL0z7wlVzb+TlPDG/jcM1oPtnB/WXPEP6viek73hVwMGZzcFuqzfo7tyfKVPP8AUQ+m+I2/g8QpDL4emDHjSX+mbruD3UIh1RVl/Gvyn0MxLtPuVHJGRG7eP3XpXXqH7owvpvPqfUwNtG9QBmYK6usooM9eYhql6YBgb6WVu9nd8sMlbbcg/wA2IXGMdMvA9RXSL9UgK+J8eKkeWRMLXE8yPB8s1KvibUPWmkufl4WPQuPQmA1Ch846iEadWYwbTyUETxB3sDMcu0uCC3X5ZSujqfmhb5Zz5b93w3qaqk1F+1lxuvA5tpxMfV1NgEqdnyzU0vxXeETS3kMgPXzYV9ATNvV6anU1LZURn5ppIOrL8OBCekJXpm3JWvjYhE5452co5q+HtUTkc/T2irliuAOcm/KeK6fiPwzdp663NosTktvkUazyHqsQ1vDHCLZYh/8A1k0nHrz9nXUuzIvhzOoe9LK8KeR8XqsMaXHCFc8sTS+HKvv66xdtJO12z5egjl+k0/3gS0dzvW/7Cc8be/2iZCfKPaThzx5d9xLSBGNVdpOfXmU3eWZn6vg7Inabe7A8M1bDFm0n8WZr6rWq1Ltv7n9aD1+kMba5PW0Fkyo5eGP/AAlqtIj3V6wJ2hG2osO6o8xL37iq/dlVHgXzT3P1nN16Jje9da8ye7/4kqRFrobKq2s7XTqex5tpVJyFmY+gZrcUD+YQ2hTUUb69j/mUzaqQ3BKOHIBafvdU55Ckeh9zHYyzy5zU1ivKse+PH9fSamj+MHGnXRNUuf4SsOir5jHrM/iHDHV3rsQixfEPb1HqDFNNp13jtW7nrFIPdjohoa7lD1EbB3VibaNaCLrhz/qlB8Zr/wBIxpdFam26kEA+H0tE16eAU2036rW3kXc+8DgaUL0AErqnzzrhtZazs7Hz7zRzT3WnZYbm3qNi7iTtHpPEoV+6pHaf9Ub4bSxbsihkyeDlamn1qsj78Bh3mz/nM3XtZ3GNNi1MN2myMbh6zoF4OuAzbNww2SOTdnzwZnfEXxJ26JpK6gMHdeeoY19MQqsYXY8uY5wmnoOQynnPKLeTCwTX0Wl6MCMQiVtHoe3enS6h9tZy15zg3DyA9CYrxjSV6e9tLTcWTAZgeZqPoTLcW1QG2qvx/N+WIVU53ljz8WfNoWKl8PK6+eVjddMHRS24MqHqFqA5m02dFE1dXQ1S41enZbP6rHMOfYiGFYFp+Ovpt4pRct4lPqo5GZVYexrLrXO8ku/qxsniISxLdT4po6StfDy/NCql0mtfddyO53Y0j7E37gaz4cesd4bxGiu+s2g9mueywPCbPMiI8c1tNlzvpK1FY9OXanzOIsFkhSmwuz7+viX8ojCaXPIRTTn7xCP5WmlrLezBrXxnx/l9oCXwe4NpqLLRTc1exRu2n/5hrOX7CI8ZsqWxqtNYxpX1Pzex8wJhWXnJ5zytW8jKK96a6zQRuzrOP4jd1fyrF9NtVXexDuHeRQPGZm6biju9j2I+wd1j0C9p0EMiZDJrcd9WIi72MPGvL1E0+2VuQMXso6EQnyL4K9ir8wRK4ZMeYj40Ge8hIf2gWVgxS5BnxLjowlEtTtbz5+8J2bKc1kxUp6HnC16xhyZciTacMi1W5XJz9VkbRfMhBEiWI/SW2MvNHMVOwuFK9ZY2g8j1jBvX+tSLvpQ/OtxFIRe3PlPFu8mEqyOjFSJ4WB+s0hClQeYMiXMvIwODCLd6iMjS2Kes9av8MXIDc1MtVaw5eUmoNV6kjkw5ehhxWj80YBvmBMVDq3I9Z6aCOYhPlVhmu6+g5rdwJorxyq3Neu065/GBgrM2niDL3XAKfMI0um01/wDCt2W/MrHk30MqUSVy9IG1PSaGm1G3AiTVZwas59POUrJ/WYr5dmPhlexfWHVKbCu58kBMV+Xsfecy1KbTbQ/3fzDzQ+8Uv1ly1vSbm7Ineyjox94lp9UynI8/EIYLZ+MalK+N55ptUVwzdfFGNI6vnaACfL/aJvTgPnqI+Q7Lhvw4l1R1rXA2sO4PlqC/KRMG3RI4ss0zg7c71Bz/AA/MeomZp9bbsuqW2wVNjeByFv1gE1TJgqx/SLNpddcrsMsY9otQ9TZVovRajkNyFnh9mMduTu5JHKabjPnl0Wk4LS+mfXPq/v8ABa9ie6m3qpHpOX7BXU26XG4d508/qPURN77GUgNZ2J8YBIDdn0JE8SzZhwTmC7f2w7pwGU8u+I65dUJqbBPdaKLxBXKFwBZ85A5MenOaTthdrId3yfmk0NHWNoKtCLayO08KdN1rdcETAXRJchs0vj+dD/pE9Vwq7Pa2KcfL6LCcK1RpvrY15Twv+YWQsOdb+zc4S/cAsXlz2mHS0K6WFAQCN48njmpWshL6kbsmx5eA+8D9lLNtGcf1pHyD294SNfh7xnj1VnZmhOa961iOf0nP1Upd/wAVo7cX57qk/wCUf4pwFq6XsrP3Zyvv+s5rTaR+0qrpU7yQiD8RshEdXX0XQ2LbUq6pALwCj5GDlPOYlvFDpHssTG8+JfK0RjV8L1NC1PZZ2i8lfHIoW8vcStHDPHbqUDWN68xUPQSoVvU/bHL6ritz3vrLHO8/so8lE3tGdNYEsuXl/W/lNnrLav4frbLUDn4nBPhiXw9paG1Aq1TjsufZA8hqD5AmHwXM35+3X9mldKOH+6X1ORhpxmv1b22OKy3Y/IPxCdBfw5DbbTRe32QEb1zkK1fUA+ggLNAELso6d1Y88Dr5cnqKHDIRnM6TgtmoGc6V2RQFvYcyn+8X1W1RzH3niT8o9TD8N+KXpqsq+z56vUfNTZ6ydVzDPFOINZinTt3fFewmN9jH/wCs3eFqlgZw4OTut9WNnMxbX1qpew+H5fVvYQsFZfYBUZ3A5eEfim5quHU0aZNZVqs2nC8jldQW8gJzWrtZzuH8uPJR6CVr0rEJ48Dw+imEgnTQr04bLWE8+85jAoCjefB8xk0L+Cm/l+FvJ5fV1WulllNLfZEO1WB8Rr6tj0WFE8s9uJmuymynqhOzIENxP4he9kNigIo7oHrZ1Mza9Puzhuc6HhPCkrVrtVgnmqLFFT4ZdNZYhUHOU1uqC76aj+XUkfMfT6LNMaFl7RqSQjeIeaj2J84bj9ui7CmnS1jthhaiBhqhX13QqeY5NSWz6xinT+Q6y1FXXcOU1tDpPm8/ljhULR6ZlIXA7QkV1MeiF+W4/SOfEXC6dOlL16qwu3dZSQd3qQR0hNQ61oXbr4VH4pzz7nYMxOT/AMsWKl+gGp6kQ+koZvLlH6NH0GIinG0S86cITV4Vx1zHKmStdrVRQzmYGq1LWNk9MlsAAc7PM484zr7w7nZnYPDF6EzHYNqtSHcBDaziC1OlLEEfOPwmaCKtQFjHv43J+Uev19Jmote4XGgG3wqScr9cesBPPy024jWEXsQd/vy2zOYli7sx3fNJj5j1MYWmBFUU7vpC7OQzC1pzMP2ROOUmnCfY55rnME+qZOTQup1qJlSwzMjUaxnOAp/SORc+GqeI1uu3zkTl3lPKYP2Z/Ft5fWHr1DrywY7E2VqnUE8ng2HUrFl1IbxQ6eqmP6RYMjShGc4ngJg+cCxbJ6GMLZ0BxAhsyyJ6GFTJ5MquehllsZeRgwfIwgs8mkWtDAZH5MMGDt0jL31Ix8uIN0/AZRNSyY/5pUKt3h/CNA+iN/bfe+O+z5qm9BOa7Nt3a2Yz7CB0an5Ry+aOV2KxKycPrr+i2qsypXA5zOZQCB5zV19KoELEb27tQPVjZA2aQoe+vfitJ03wnwvR213faCDfzVgeXZD1EU4joO84Fma8lUPQsPImYlSkYZSZq6XXd5UuJwY5FXrwRegpyI5RO1fFnznSa7Yqm1+n9Vjq58gJjNTty1i+LvLjwqPaE+WXUrd+DdPoyNTXqRWbmyuG6MtfpCXcHrI1D9q3Yj/suerD1M5n7KfEk1NJxB8djcTs+X1WVkVe/HwodMyA7B3PC3KZt9HeRF/iHvfyj1M6jUcTHZpptJQWtbwY5lzMJ6LFO5h4vG2PP09sekKVldB8L6/SJp79Pqax2hz2+RkageQEd0PC0QG4DuHOzJ3bFz0BnNabRBtxBHKaui1T1LtyTV8w/D9IZi519fhrCgYfcM182UfhnNX6Je0dqz90njPv+ETXust1DmjhydxRu1TZwP5QfUzMvodC3Yq3ZDuWrjmh9GEKL4/huaT4iHYCs18+SKwHLDeZHqJp6bTrsD1MMeJfzGJcH4XU6Cxl5c9ymear/hbR2DHsm7zpnw/SS138/A/E9eqVltQRtHiGP4p9B7zjTxNQbLBT94e9Vjl2I8sH1nUU8Is1KtrLnHPP2WvyUeeT6mZWl4JVY5ZLOfzA/JHKz6nSVca1TrW2orLVKPIc/qfUzb0eqV1Uggr6w1+hK10LXjkO9gc5ja2gJvFT7bD/ABwOjfp6y78FZdK8a4ipNlVGezH/AGhh835ROfGXzy5eFR+ETq+ODRVaapqCnbHC1Y8Vv4t0S4RpKXYuHwfw+/t6iEovOUPhi6ild9ZynzI3X6iaNnExtQUoWtc7KF893oY2lPXd1gm1K0uurULuGV/mD9RHfgSeWHq9LajdnqqyLv4jj8fupHUT3T6bdyKx7i2rs1D06hkK1KP+FX/7nVjBrZ0Vs4+ZgPD9ZnJ5PqDVaFgy2ad8P/g31mho+FrqXus1+MLhaFUkfUw2jpCrhSJkcRva1no06nYndvYfMfQR2HLn7sm01pZqKK7Q1YJVG6bhH6D4EcdyIvodvQc5ocPS1Qi1Vb7Gy61+bBepyekJ4R8tUaFG7vyHvLmLazjzVI/D9PszgKrD+qDQmq4kSi0UIftLHaynrSV6lvpE6OHKuUI/mY9XPrDGm4wdOjB1KzotJqQ2xbD3+ewE+Ls/SL2aVULM7d3wt6t6Ae7R3hY0T16l9Y1XaLnuk4NK1dNsmDmavxPX7EGVG/w1YnP10k5dz3/E2YYWb2LO1h6pRu6qvln39YaineQieXilX4RKlFHdLN4PE2fSaOm4VZ2T8Qr1FarzZEboyr5k+RMx+KcRG1KajyH/AD+8yxrLdpqV27PkzDyikXsPavXNa4sK4Xwov4YWijOMCI0Z3IjA7j4fzTT1WtGnrAb+K3dTHVB+KFiZ5quu1SpupB5+G0g/4TLOtXyoq3+FXAwVEWts3d4NylkpziOQXr6WBzggzR0NIRLNTaO4O7UD1tb0ELo+GAq1lpAUf8sX71pAUnsl7qHyxKItY7WMzt/M0LVScxkUjoomlpNH0LQsEpajQ55kS71gZAE0ieoAmbrdRXSO0vb+RR1aKiTXtdChTZY4FY8RMxOJ8cL7qNGmK/mY9WlNRZbee0vJSr+qQfNFNXpzgdn4R5RSRpOCJA8R7z+/SRy3kYMZ5j0nqE8wYWrketYBsAHWNkd33iq1/MfEPDChyOvWAsMaN0dhUy9ZoNwdhzqf9DMmj8WRnxTrdFdvStw3I4hU3lzxZkbbYpBhQ/rOu0nDKdRupvX+QjqpmNxn4Vu02bKxvo+Yjqv1ENReL/TK2+YMm4jrKI8ufOCRVsz1hQvmpio8sQ6N5mTSlXViJ6bAcqwg2s9ZRl81MINXQYByJm324bKmNafU+CqxLDnw7RkqPUCU1Wixh1dWr+Rh0aEpdR0HwjrtLvtOs29qRtqZ/Cq+a84lxDXac2W10E/Zs7aPVfp+WYi6bdk/KP8Amg7l8AELyfv2NdEA6HuwNp8xEKtUwwuCc91QOZc+gmtTQNxDLb/3qsMNV9QYSGf+G+IU1Xo+rTy2UMeYpNktxvi+nbUOulrzT/8AM+S2nzImPqaue1AdvrBNRyeFhW7MP1lQzvUfuj5eaxn7PuBetT+JsekxtIr760UEtyVAOe42eU6EdtS7rZWVsxudD0ceqnzlaXtX4DxWvT22PbWNhG21vNBFuJ/EQt1LW0Ur2P8ADbI56js/MiUu0RfJdCq+JB5t7xDUaAoNwhIfXf00K7lZnNYI/Ep+Wa2koL90Ccvw/S223JTT/Fb9l9SZ1ym7S4pupHan+Ey811H+x9RDRzz9rtxVNDuTYSW7zqPmPrOZfjlxusvdu8x3W4HJR5LNvUaTBFmo71jeI/hPoIrrODYUWGv8ymGHbvj6jR0vxChUWBStvhbHhcSl2od37WwcpmfD3CPtFt1dlhFKbWtwcFz6CX4rr6tPY+jt1VZr+Zl5tj0IHQwVdk/Y+t2oZLhR2g03htP+055tU9VoILflx1WMt8Z9kKzo9LZ2ffVM9GFfqJyvEuPNez3WY3kluWAFX0xHIdmu+q+MNlZR9vaHwE9MTPfWZ75JNrHu+ZYvOGXiNm1wp7hwr5/cRirXt92y22iwZ6f92OREqIs8/wAOzf4csZRa9tfaN4x0Ke0HXwu2k7m3bD4Yt8M/Fe6408QcdkQdhPymM8V+JVtP2ZCOxXK5J5vuMLTk1p16nUdiuot05NB8D+ePVh6e8ogRt+o1L40q5dc9HNfn9Itd8asKE0tlK9BW5XpaqjpjynOcZ48dUEp2Iq/XlFPhV5z92jrvjIbnXR1nZy2bhEr/AIkcdpUwq3MBzU+EWDM5xGXOPKS7TFnBwQWyvtur64lWROW106fE2wMNNValDDYy5LBTjmVJnQ8N4zptlVNFoH4s9W+s+YXUXbjgE/SMaLWWJv3IdrDY+RjzB/fuRKnL6pxHU1ooJT7zklQHzmZnDePNRc7pWrbgF1P/AIZ8jOMp4k/PdbYSDuTz3e2Y9p+JKGRihxz3/TyxJ9sK+HYaXiZtususx2x8QxgovkBNK25cHGN/PcfLHqfpMqg6W6tTVaO0xuyPEhjOl05serT6p6xSf47DkbgvQH0zHZ4E8sniWs+ZM/8AdflD/MfczJpoZ2C4OZtcd0lNWoanRZKgbtSueVR9AYxwhV5sB954WB6pJ5gvgsnDbFGRkj5vVI/odG9obT6N69+D9sY5xUPJfqZtVVLyOPI7ufiMz9br20259OR2r+Xk/Z+ZhYJ+/wAOX4honrsenUAC1dvQ8mHkQYbQ6TmrN0hU0jWO722ku3fvb8Rj3Zdlvs/ql7zgny9jHz4TZ58HKOGqw74H5czJ43wWsZuustznu4PP6c50Gl4jS9ZuqsXYMs+fk7P1nPayxr3Nrk7P/l1/CPU+5jw9xj117ncqgAPhA+WbdHDigSxx3PE35frD8P4Tkhv8JOJ2s7/YqTy5faiPlH4Y5MTvkm2/VP2VPKj5z+OaWopC7KKRy+Y/ijGkqSpQiDpGqqM77GHc/wAXPoIpDs8M+nRHAYry+WMY8o3Y+7A8h3U/KJgcZ4uKs1VEG4+H0SVaUnl7xXjCUKVXBvPhH4frOY3s7PqNQ26w+HPRJVkPfZjutPjJgwTItayGLLG5MWyZYWZ5Rfcek9LDMlUq2ooU49ZnOpU8xNQP6ymo04YCCozy3MDyPikvBG3PSC8LshMuz90ox5/LDToyEY5Gb3A28QDc/mHliczV+E/3o5or+ysRixx80Cr6Ho3ANbY9GWddU4ZVbynFadshGUzp+EX5XYTzEVHFcx8UfCYG7V6NOXivUfL7icWG9ek+2z5/8W/Dwqb7XQn3TH70D5D6wlR6vH25qtuvOH5ecQPniFWzlziZQZlI6dIPd+aW7SDcA/WOJ68N/wCEuI00PYt6feNhVfr+kvr9LXqLdRdWm2rw7f7Vq/MjyJmR2WGxLVcQNTqwwfxAwir1se3aIjIA5iZ2qfYpypz4V/MZ0t3EqHR9RY+D+EDLMfQTJbh1hJsvqK3+OpG5FV8ivqZVqZyDwLULp9TXqdXSGIB2/wDdF/P6idZxTWabUvXZWmSo7rebdp5H2E5Bk8m6xnTFkwQYZ9nOvpr6nRB1LqRkTG1WEQ9qOfyfmM0DxNcbrOWPEB830geIaG89nqtZT2YbC6AdQvsfRmj8CRThZeiynVEDtOTKPJR6Tp9VxevUFA1YGzvpuxlm/wBpyuldlbs7uk1LNOCu4H+Uj5YrPJzrwPqdYHbDH8qxDV2qq7cZsPdoUdWP+3rFtV2ibS9dm9v4WBytmunw89CHU61wWYDtWHP7Lu8vpHbiZzvk3wfgjUJXaLP+I5OzeX3nkfaOtrWN5TVgD5dMRzXH+5iOi4jZp802HdUe8nnyf0MDqNT2pYMO74UixfuP20d/tbE+7ydnPxTD4x8Rr36Eswmfv2/APQe5h9TRqXWrTi3FRIRnJ/hLZ5mcf8QnSV3aqvSW2/dbFo9LWz3zGfMB4p8QWbahSllVHNdMRyNoQ4JzMZde75rrpZxzZsDJXpzGP5IThfCzqC2o1L40qkrbz5sbOeBOk0PEdHRU/wBk2fhXA5uPWXPgdTXKWaXUhVssrsVDnbmJGp+jE/lxOh1tr6gpcz7dOpWtiTyqNnmREV4pUKbabKQbtyNp7ATlPUEeYMVqpLhFdM/MrYMfXzr9Y+2lsTaLsgr3fX+JFf6YbntrrCnCsAow2wY5yq3WNjJO0YhTnLQq0vVg/KaGipXrumfpWYADBxNXSkSbWk5TWVryIb8uJkaoAKcGdFZp+7ymZbw5mziKU7y5/Uuq7eyssPLvcsc4y/ENS9Wnpfcaa971AAd038zHW4M3MlYxo9GUwHEdqZyz9BxJEuoazOzlvz62TSvpV+0qrw3Zr9+WYHe1jAZUSuu0i2csDMym4bYhYqTnxLgwlOQ7RqbamsTT2BX8XQd7s/qIkNfYgNTg7fFPdXxC1jUb60yqpQuF5ts829TD13CxTUyoS2NmeqmXIx7+Tg1H8O+vUHJ7vLkVOAT/ANc36/iI9nbp7HG/wq34hOJ1OiUbGps5cmx+A+k8PEnGVtAOSG3Hr937wtlTzzZX0/geiHZvZa64yzL6v9Yw9SgLYFPbErXpcHmzWcgBPntGsbYj0arvHcrJzyvZ4mzw34jet6bGA7RMLV6L68veTnhVnl2eo1ltAA4jSFfH3TLzW3b5A+sBwwI/a23uO2fur/3S+gmRxb4kfWFEygrXG1R8zeZiaah0YZzmCevH7x2a6BBgVnl82ZhcV1CuUTfijn0Gd3ox9pNZxXci0q3kG1OOuPw/r5zLWt3beYpDlxYUqHOxsp8+3krmMLdzmhpOEqyl1bD+v+4grdCUO+ykl/kA6WmOUrdo1vETXWhUfev3avp6wmh0pqrLOe+3fb1btJm8Lpa259Tc2cd32b6e02tQ+SPQSp5RXun54L9PT8Uee4tjkNvyY6KIhSh5GGv1C1I91p7q/wDMfSFEul+M8U7FAEx27fwh+H3M4w57zM33h7zkxjWXs7NqLj943eQeVSxF285nraciFxKe4gi/lItnWFFHGOk9RYBLfeXR4hDOyRRjr0niP6QwPUQXKz+JaXcu8DvxHTcgczbdeW0/3Zm6tNhHLkYGpVzLesrqKx1JORKU2c8ie39cgn8TQOx1/wAM8QV6xU7jtBOt4dfsdQenzT5NoNZ2dtdin03fSfSqbyyqydcQRHZgwWp062JZTYvcYFH+jSmjs3IhjElt8vj/ABHRGm26mz5SVWKidj8e8P50atR/3Vs45YnL1zlqjGV7f1lnlfsu4ZWVENXdvTfUfzMPNZmahorTqmTBBOflx1zNLXaG1ezOq0xrscB0zyD/AOx9oSYWBcO1nZ3UXdkGZCHXPRts2/iX4tS9KKtPSQcra7N1Q+gnPig46cj4j+L6Sr6bPTGIYc6/1T1N62lN5AYef+8buGzuWpMKobWJzynQtpNUdKl92l/4f5COboPJiPSGlJ9ldzKUZeow9Xnzrmpxf4qsu0/2X7Ou893VHybb6CZddFmwqpOz5T+L6Sxo7vd6wzyd6/8AS+m1W7CnOf8AFRNzQ3bGrNi/deJvzTnrKxXmwnnOl4ZwPVtp11RdcN96lRHiX1B8mlaOea0+LOtidqng/wAU2zneI8fvtpTS2OexHjbGDdt6AxqtN6jLt2Z7yA8ix94TUaIFGWwkPy7IY5MIYd6ZWm1x5c+X4T0+onQcHrWzvs/cHj9VM5nVUdntCjvnuoPNp1vDeAqmmTWJqv8Aicdra2e79CIWjjlf4n4xVRpLFRgWwVT1zZPjOsZWCbayB/Wkk942HrO4+Kl2LRdqVBO5e3TnhFfqvKcRZX/EZCCgO1cH/TxS+bMVfPlfTjlXSbgEJG3OcIbPM4ku1y07VqFZuVnV+e5W7PzEz9RZjluGYCiguQxjtiuJRHud2ZtnMks2On3k1NHwwbQzjnPaNNt+UR6sdMyLW3PIdOgQHmg/LHk0ifgnqVZjKUHlItaTkMVqOQWW5dcRrs/aVFHURWn7XtR94dE9pSqqM1qfWGniIvkRJ9nVvKMCvzhkr6HEJRYz7eEbuazKv4TYoJTOPmnZadMkDb3fmjlmnTqUEuM6+b2bNpTUUD5WYjrMnWaEL97pzy9J9F1vBlcMQs5HXcNZCcA4lSpsZlFat2aLbX2rBGTBAX7zqGz0MA9asMBZL9N1ZV5xnTXVv2VLmtDtCbseecktjrCIsZLA1turc/5FY7XxJnx2p59ypeQHKsACe6qrxKUORFxpTt7QL3PA3pmwS4ixsV2MpAQNhu9Rn5hnE6HRX9tV2WB22O5u+vVfWcVpiclbHYEL919eoHtNOnUvW6Wb1JrOzkeWK5NZ5fmt1eFsrgKx7Qkbcc95m5oNUEZqtSg2ju7xzDH39I7wvQb0Gp3r29o3N6VLZ0AmoNEldTowXB8eYoq+VFqAw9ZGJk8f1zNs0dPifut+VZk1cbZLXqpBbTeFPVfdfaN8NTfbbq3B80qyPCEj0Yf09HZolaQta8+cm3nkR6mocmxKkQ9rr8InMcZ1gtsIB+4r8Ppa03eMapkrFdIPa2fdVAdfvILQfBVjhBqrdlY8Kr1kdVr6fDj7Dnm0oKz5AT6npfhvR04PYKSPN+9HftFK8lFeB6AYmetva+OHn5CBK9Z9msbTvlbKqSPdQZm6z4T0dwPZpsf1X/UGE6TeXycjmQJC3SdDxr4Rv026xBvp/EOqfWc+1fp1jtZ2YNW/vGq2zj1marRmt/MQEp7xRbV0b1ZfMQ9bZwRCt1Df+aDSVyw3DK4jKru8+YhOIV7XLDoe9KD5SIWqkCcYYcp33w7rd9Q58x3ZwGpbzE2vhTVMHsTPci1Fj6zwq3liac5nhGp7wX6Tpoq04vhmfEOk7XS6mvHMAun1rnyhfMCfaLAMMH8JzunxnVAC29EYbQxVMfMKzDWXqwIx3RMNpMQBjVJ7jmNjYBwwmmynUsqm0EOgIyFnYazjlWrWrTvWAndbU7sZz6Cc3fRgOw6/NEjYVwRLk1Pv/wDXbcW4Ouyvsaz+g8M5TXadqd5ccptcK+JuzFdepJ7P5T+H2MC+h1OtYcRu05+xj/syDxMK/mA84Ks1gaXTs2brR3D/AAl/1M6qj4qs7IaZ1GfDuH4cTLv0/MlXDJ8pETavmTiLNqb1jp9Fq03IHVez5Ly6KJOK8LRN+socdl4mnO0apkzy5TX0HDrtWpcOooRvulYEi5uvPELVc+f3ZaBXc32phP6hT/mZr08XuSs01uez+b1UegMW1mmUu+zIuUlL0J5oa/T1EtUVG1GB3Q+Q9uuyAyH8v8s8s4gu3dez8sKmOv0EDraW3GytSP8AAPGvh7g9Wq+0Xaq49qp26ZVPOn3jtLnnXnCBU+o38ScrYe5p/SoeQJm5xfhnZo9tOp2lcWsM4W3s+nL1nLX9kbLqe1QspKKw6W9nK6/ibJS4e+zbXtZATyzHJqpfpzvxNrmY9k45HDLz865z1uv2IRTvBPdc+bDr+hEvxbiDWu91z97/AAxMhcu2Y8XxHtdeTkzX09OF2gxfSIOQ9JuVUDlJtbc8qVoe4MTSqoGABK1p0jtSyLWsi1On6RlKpauuHRZFq5A1rl1pjC1e0IKotPCnYwiVe0aWiFVPaMgFqhB7CFC+0m2OFURz0BP5o4HHUxMyGwypU2GXcesyNdSDzjbvAuMw0scpxTh3mOs5fU6bbzHUT6LqNP4gROW4noPE0qVHXLL0mq82ILju8x5QWqYrllHdPiA+WCRuzYsBz+WMaZt2S2MfMJpKysHr028VNUdwYlVx1U1+08RfGGzj5YiS1LgjOPlxNGm4YwzHyVfy9nFRY7jgvExsrAbDclj3E+JmwLQCAg72pP4j5KJxVN3Z8wpJ5Mn5Y7oterugZzs/xzZ1z7w8M5Mp8lF2EIO1JFaeQnQabAVFE5xrFfUAIO4o3L9bJ0WjHSHMT1dO0p5iPIvQQNSdILi2r7OlyvibuJ9bI7RzPKnBcXay7Vn+FUDVpv5p1ZZjEPh/hQo09NZUb/Hb9WmvOeurjnI5riDkHD2qM+pmc9nmLl/QzH+Nr9RVqbMV/dHbajTG4BxVHuSvWWFUY7VYcwv1lSJtdfUzllVSZ0+j0bBF3+KE0XD6qwvZqM+p6x2TipCwYjuuO7OL+KPhAYfWcPT816D/ADWd4yxc5U5HSEp2PiLDw56yIfPM6341+Hgh+26ZPu2P3oHyN6zjgektz9c4fqsji15zmZqNNPSPnAilVxSGv0+6tyOq97/05jK5PLnOuakd8HGGnOLw+zfaldbELndtBO0Qtal258iJo8K+6dbPKCfh1qqbDp7dniyQcS1dmMEGK0Y7nhfGq9yblInT8S47VRWtjNlyN1QHzT5dS3LIBhNRqH2itEZnPdy0WlG1reNXXd66zFfyqOSzmNQ33rkHlNCngWstCsmkvIPhzyDfqYrxHhtmnsSq+sB9ofqDys+kJU9zwAXHyxin+FZEvSOUn7mwj8UqRlgyXiwGqx8N8reWfeL9k6nDoce8SVyuc9JqaXQ62+l76NNnSr4cnDN67R5iXuM5zpe1/TpNfR/F91FDaRUQtjbp280EytHpXfJRf5uXhhNRpu6QOsM0XrFdHxBu+XfJOWfPz9pNk6NbVNtDdP4qnqn/APJzFdJyMzb4Jw7UaqyxNPcUqr8dmPE3kBFqpNWs4fYgDlO4fCYTR8Tup3iiwgkd/lkfWN6anUh7NHcB2wwrfhYWecvr+DtUQGHc8W78UmwZjHdzu3Fm3n7zPmxjenYWMULgW+JM9HPp9ZVhjf8Ah+aU4BwxNVqHGqcigAtUAcHUH0B9FlSiTTmt4kXRKbge0XC0HptFcxnawZNDWZ5ozLkbvVcia3FeFii56hduq5Mv4qvYxynVVtWKtijGdgHTPrKHw5iq1R3GXGPDMzjmqbZXSG7udzD/AO3NTjlSo28nm3ex5zl9blbALg+OTNjqoshKJGVrbt21VQAD0lnpdFR3Tunw8pK0G4l35e4i9t+SFDHb7x62jX4d3sHaMfNOgrTwTD4V0GBOhoToSZna6OIMi+HEfrrgqV5g4jqJM7Wki6J0jKVz2tPWN1VRDQxV5CGWjpzjSVRlKZUgtJrRJ2c0BTI1MMTrM7PE8KdTHmpg2rgekSkG0bdYrZ5wBZj1ngbpPT9Z4ISnYlgzMTiOm5OJtzN1+dpIEJU2OH1lHexE0uZMjyPdnQ6zT57xWYusoHOaysLFXuDKQ0Lpk5Wqc93G3BHWZR9MnE1dM3Vq1IQqlT/mPWWmNrQKvcNrnGPr+k0bNAhVnA2uO9MfSHb3j6bl5++Jp26z7qwA8/D/AOpJxHa/C28b+ZM7Dh69JxnDB3kUTveGVecfLJp11chymaaO31mlo+RP+Jv/ALs2QeWZifDur/4nVXP85Kp9Fk2tuZ5js5JJJm6GN8Q8OS2tTYvJe6/0afGuI6A0ai3Tkjke7+ZX6T746BgyMO6cq30afLPi3h3fwV+8XKr+dZfNZepHd/DN5fSaGxuuxFb+7ym1Mr4b0+zR6BD1CJumrJq+fhJi8c12wpWDzOXm1OO4++65yDyXFf6rEO74bGmZLq301wBRhtafLOL8Pai6+iwc1J2H8Q8iJ3nDdRgqMmJ/HmgD16fXKOn3V/06qYRlfM/eOEQ9Jo6QzLX5o7pScxxPLeZRtBP806LgvCUNd7l7AThG6d0Jz5TndOMjBPrOq+GlZksBPLAb2y0mxtDv2KvDrdWuD3OYGGDcpkV/AWmDbi9+zxMuZ0+w5HP+bl5/WEHLy5ycWT0uhrrArpoqCew5/rmFstOSqIC3NvSEFg5BxhvlAOTiWWsDLAtn3JxGRCzWFVWywkfKwGCH/ecL8c6hXu07oPkCuPPrPot7+P7tce/Pd+gBafOPjex2toZ1UDb91ywcVnzBjie/hzIEfPLSl8fP/pEAZvaXS9ppezTqSWX/AMOWw+2NotL2x7Rwey+T8/v9J1eg+IbKK205RdgG3TH8MwSmNrK3c+XEb0jq2VbH6zTNjnnWOm4XbTtbvjByz565fzM84lwBHDWUWDOJz9/D7avv9O/c/rcT2izU6tvsejcopG7WOelQ9JOY1nn6ZCUb7TWW+7XctrA+L8om/orbKCbNPlR4enJvrFbuGtSyaS2sKw7tWPDcPURg2FttLdB3YZpfA+k1W8uWc9tk2Mf7UzUXiBsUaW4r+omIumXmrjuQXZvbbVo/tKqjd1rPNl9PrCr5BvqV7GppduwX/tLfjNfyrNBPDXVUg5eAjqknFNCmi+z0VWbqT4FJ79Xv7rG+GEMyWL/CHevI9ISxPtxlcRptrybOan5vxGz1MzbHKq9meU6j4k4vSKhWrd/5F/CKx5zi9Hq6u2041mTpwQ1qw9w9vkxoNCb2GvvYFP6oE/2frOX4sDZqtV0BZ9qgkd3tJ9F+J+K6UPS2jK9pgNqSvJXXyBHrPmvFiDdY4Xke9HGsmVXjF7oteie2plqylW0D5+vPxGZWnQHJI5z3VlTnYTj5cy+kA5GC41+FjmvPlOk04nP8NB3hQOU6Cn0mfVb8RpVL0IjlY8hFqfLMcqWZ2tMNVeUfqWI1eRMfqhKRutfaMIIBGhcyomwZRI4lEb1MtYfOMgbIu5l3eLM/WK1UilkTtEZYQDybTKN83KBz0jbr15wDqB5wgeAwd6ZBhq5Z0hornH0+d4mBxKjBORynXnTeMiY3GtNmrpzE05rHqOTXThsdcTS02hJ7Oqo8z4fzGJ23EYUDEvo7dzbXfHVl/wDDmusrGjarKUrallYKOvze8ugO1Nw6kbfzdnzl6Q1uGKsSO7/N7Q+t07JYiu4J2hmx0X2EJSsP8Ir76z6BoqsCcV8PVZdcTv6a/ICPGcgPFLtmm1L+e3av1s5Tn+E2rsBrcblJW31Vpq/Fduyiis/M3e+lQyZ884NqrKrjqWztsJ7UfiWw9ZnWsj7Tw/Ub61bzHdaNTn+BajvFARtI3LOgkVrEmbxPgdOoKNerbh3eRxuHoZpSQlFiqIAFRR3RhVH4QstJJFpoT1JnzzheqF9mq9GL2r9WM7bjFu3Ta1x1CWt/hPnfwKyG99PapywLUEHmpr5yuWfd8xr1KVfE3rKO302p0zY7ylV+vURs8HrOTmz94YaYJjaTiTROXxVkK9YWhuYIMf8AiHTmvVaqpV7u4sn0s5xFVA8+ctjmVt6KzH6zqvhe7D2Vl/X/AHnGaN/CTN/hFwW4EryHfbEVbT6d2X6mVRweYI5wCOSEby5N18mhlI5cvzTPWil1RPeTaLPlYjJUeYEUXRc0sZ7i4JbJOPEOmPIRwMeZC8pVyxBKKOXr1gSvZnvO5Pkq46YUz538b0bb6u8+du7+UZ5CfRbd3Ps3GeXWfNvjVX+0oLW57QyflEcLpzYM6rg7fc1/rORDc+YnU8PcCqt8csbpcc8+WZVrG3O7gEsS1vLAbfIUxm2gns/mB8SRcscYnmhpuvur02jH3nidvKoeZJl6xk08nGX29mX7hlNJr7aLRqNOR+F/Rx6GUv4Vcl66a+oi35GAytw9QZsjgToiWWp3T6dFhV5jG4hxO221rbX7x8h0QegmroNcjhE1PQeCwdV9m9RENRoSrAr0niVMXr09JG9iF59E7TzMVOTWzr9SqKUVlP4WB8QmG4Y9M/lxNri3wx2CV206qxhyrtVjzzZ5ibPwxTp135I7b1PRRZ5CKfC5z5cVYHZjZc7F/myc/wAPynul4y9LE1t/N6NO64twehgyVqBd4lnzm7RG296Kgdi/xyPlHt7ypfCb8ltfqxY72pjELptNkb2H79J2fFOFaB9NpU01aiwYSjbybCeLM57W1d7s6/AI5NHWRi61ScgTF1itywfVZv6lcdRM/wCxl0e9s9mP4Xo/v9I5BxXL7CWx5R7SnmOXIS+m0QZNZY+ooXYodATg2lzjCwei+fnFW/MbukHPIm1pV85iaVTyB6Td0zYAJmNb8telekfrHTJnPtqHPJD+sMmmY82sb95OKdEvoCI1W/TnObWsj5jCV6phyLnEA6lDLzn6eIP5sMTQo1m7r1jlGNMN5yzty6xWuzPQyzWco5SwGx4EWgdYLUXYzgzPa894k85OrkP361RM67iXkqxexiTiFo0RbGRyhEl7de3zIZ59p39MzXGgXoQIGzTqOgEdEI06nb1PKaNF6tkDrE30g55htHpdpyDFosXsoxkzI1te5bBOn2ZE5/WKF3KZUrOxw+tpBZVLKOu4t0ien8zNLjafeFUE84TSoeu25G7IHa+JtGNd18GcA7XT33FzuyNq/p1nKau3ffaUJ2ZKp+YVzq+I8cN9a6Th6laVH/GMvziz5TOY4XRvsXB6mOzym3w7b4W4dhO2YflWddo68nPlFdHUEqrrCiaehXkYW+BxPLjvjFs311Fu6qlm/wDEmOOG4rZ2HeP/ACLOu0+hq1Gs4hZaAVTbUgmndwGhg6kWYPiwZnrTGD8J1u1K2Y5KzVL9K8GdjFtDoa6UWmle4Mt7sWjBk2qkTMqbB5mBvuxyzElt3ZIJxz6jEkWtIXCWDTNbPPYpLfLDU2HluHOBSicQ0nbU6jT78b1KZ/DumN8P/CaaZu3d913NV8ggadArS+Y5TsSBvPlC7oF2haK+cfGVONUW8mVW/wBJzCNOy+PE+80dn5WT/wApnIIw556yo5+/k/oj5Eze4YcXVgH0X/Gc9ph1Imzw7lZST4fE/wCUVkQq+a+gBSqs1tg8/Lw/TBlqj+w7qxKjiCPhg74+XPzGXut7PdZ2hw2FXJJC8ugmWtdHu1QUomCSc9OihZ6to5LnnEvty7gN1f6Hmp9xKs7liAgzzZeYHtkGK1Np0ahe9Pm/xnqN+sO3yUJO1uvrXb21VuMndyOGPuPOfP8A4nvDau1lA2YRV+lYj4qe7cc8557TNuy/bRpF/Kd0wWfvEzW4kcV6MAdFWaxlDOvUm0aWtfvf630QepmjoGOkZTpz5bbc/wBb9YCjQvWz12Iw1Pj1GcZf3BHUTZ4dZW6tp76l7TPcY9UmnhlzMeHiJut7S3AONtQHRR6CbWh4qOdV4HZ42zF4nwns1Jsf7vxIR8pmC3E3wtJBNmdtWOr7+gMnGktdDxhqUKV6Jy1752r5VD1Jk0HDlQY62N489WMWr4DfplOstsVicNqgOtI9j5hZt8MTdt1FWd4wy+jRKwDifC9Qta35ZqgDuX5kEww55PUwxPo2lv3qTamH57gfSfOfiV66rrfsbjb/AFo8sx80d8i6/j91yppKkXtiBufoUVYTSaAU14rGT4rfVveE4dwrRDRnVtqPvvHbaD3lb0A9IThHGa+8mqVe0I7h8nPpHKmxlcT1FeBbWfvflK/6xTSX1WE/aLNrynEsEveRWo+UAEBphX3H1lyiRrW6YXWdwW/Y1Oy2wjkx/DmB4qNqvQq4TG1Z0PC/i6lNCdM+k+8UGpFx3bd3Umc9pdZQ+2rWGzs8dVwWT6Z6j2kynnnw4nUHkRCaND3Dj+aNa+rZ21K9mUDblbHN+0Hl82IpomIODnEK25dNp08GI2M5C+UDoU7qTRpp7wJExtdHMO6Orpy5zXqpU+UzktVRkmK38aYZFQ5DxEyYquhOjEA+gHOc4PiTqG1VmfRRGaeOI7Ii6q0fh3Dk0q8pnTSbTY6QlTY6ygvbIFmMfKR0aWDcwZFi5T9LHyMO1p55gKF9I4dPyjlKsu7ziV6zUvWZeoPQSVL1hR3iZLOJlQChrVPCpb5voINlPdAQn8C/jPkJlaXhFmr1h0uots35+/I6VLXNeYy76e38cLO6rqT+g8Rg04k+f4nP0MJxbhum0rudHfd9qrNO5W6uLV3ZUju4787ReFafWaWi56F3sB3gMHMq8xnO3KU8QzyaaVd3SZOq4M+ncrvDV+FfMrGdPu5ZQzGx0St2l+UxuML94gJ695Zo6f3i3GK89kyjnzWOVnY419P2tlmxW38lQzVbgj0U1lqx3z3SD4e09RNSmtKVzgZ+aZ3EtXbbWS7nYWCoPJRXNJ0nrg9Yi06O7Z77pm/DlebKs+081FzHS2LYx+RV/NHvhenNiTbXLY+h1dFEcV9tVlntFl6CTiT7dLqDnyMm/DTmEPhA7hrb26s06bM534Rr26XJ6szP/wCXAm6HmNrTn4EJg3eeF4G54haCW55lmOSTgSssBBKK2MET2eYkKtz7Ne98vlADo0sWglzyz1kJga++TdFrLwuSzcojXxXtHVKVOz5o8K1ifHqctA/oblnDBTO7+PD3ND9WnDgeYlRn38mtK81qDh6yD+JlMx6DjJxNjhY33VpkeSLnkG7Qw6OVq0Wq6k3buu9RyIzXy6DPXfKPxilq0tsX7vO3TZztXs+WQJ7ZoFTf2Vi4JZuvhPrj0hdRwmi5UrYjfjdkg90zinV2/g5S2p4uqP0YqQLaiuCG7TzwDNSm3l2ws7nOxPIp2nM59hKngemShNqFtp3LzPdNg59JbTeC+zZ3Oaqo6KM9Y+odqxs5hrLLTkF02jlicBx3lqdSNx5Hbz69J9CowzIwTO4dTyK7fIjlPm3HP+060NtzuZW29M1zX0sLr4ZJ8wBNTjow2nUHoiK31xmZSP3lAjfGn+9dfos3jKOl458Q9vYhRcJWfuPxMbPOTTcUVmBvUB/lYdG+syDpTzyIpdqVSXPDOXW9xjjrWBKdxwJi4J2kRo/DurWhNc9PcbvMozuqHkSJo8J0NXcfUv18K+b/AOwitXAn4te9dWnsuPZr+7/WO6billTI9Npz4ufRvqJrj4fFuDWw3+JR5KJgca0Zp7RWzu/xixTV4j8XF6wtaFbPDaf9pygLWvjM6Lgvwot+me7VXMLT4Ap5acVwGn0q6dd7Gs27j2GOjCs8mMcg6gJ4PaqEmttnJn5clPv7zMdmzj5ZvniLsj0i0gN/HyfGZncctpQVJp6z2jYTbnPOOzEysjU3s+R3iQCzYGdq1+Zi2l0u89Tid18LtTpKrPtY+8fvWsRncMdJ5botOy2WafAdyXcDpUPICEiscfrGXCV1qNo8R/EZjkYOROl1vDGG9l5pMldM1tnY1jkO9afw+0qwR7XwK/U6fUa1ezFVfdUscG0+YWc6UZT31YD3E7jUbqqhXWXNIO5VzyX3E902jpv7xUZ5ciJnenTxxpLhv8OuaAJ5SlWl7ItV7nbG0q5GZWt+SOtfl5ke0f4F8LmwPqdbu2AFkrP/AHfrItA5ELz8U1tBxa2rK2JuQ+L1lcVPccdwenSvqgNWKkq3drqdzEDFfVRgGaut4joNypo9LWLNtTaZq84RsncrhgMmJ8Y4Ettz36MWAN3nVh4S8Nwv4b2Ol13MBg2CQA3ZzT3MZxXX6/hG2urUaes4YB9Sg9bPMRT7OAquD1mi3GbGXk9Ix3UwPD+8zNx6E/mmXdbcSn9KcYzNNbF/FMBbDLNqTIlVeT2pA54Mz2q5gmFW/Msy+cJRgmmurF9T2DuqpZeR7xs+k5v4n4bm+y7RLZ3+8/IjaXm8EOcjOR4TPWYnqWz7EzWdM7y4XTcEv3orAhDhrSPSyfQ6+KiuqvS6So7VUIpaJH+c/rCJthehOIpXWSS783PiJj9NA6YgVI8hC0tziVV7KcZxM7iPhViOhmk1kyON57JtnXI/zklGdYu9LCTzx3YHTUb0rrOMlu5n1hqazjmOogtWgwKFHeOOf9kPxfWVx8jv4e/EWk7Omur8wjfwhXhiZjcQN2ak1D5GdyN5t5c50/w1V3unKbOWx1eOaiA+IrMaRuXXCxhAd/LoYl8WHFFIPmwhb8HJ8j8DG3TaVR6Fv/UJM0N05PTfEO0JXs7g7q/Sa+l4uj7RnnMbFa1cyjKrcnHdPilQ89iGvQAOSDujwz2QCSJUSWXyxPAJYCMk9Zn8U4ilFb3WuAB6x2xuk4v40pZ7eE08+zdj/eNZAjkT1Wqmjt1OyxmbsvE2Zt6Hh61rhVjWjpC1ogEMF5R05y4P48f/ALIv87TjM9J1fxndnUIoPhUf/kM5eORn18rV/WaWmKhsgjoOvKI0qPOaelJ+821/lbC55ep9BJ7vii/DRW9dyKEPPC25ONze01NNrgUaqlbe1Gdo55bb1MwPtRL6bssANln/ACms4mg3EmLMLLDyG5uYAxZynBO2U7rZos3ixLCMkDf5DKn08jFqNBZWSqWt2ZDM+evdBJAidHGG3bML2QComBkt+s11rRFQBGV8DqfEvng+uPJprLv9Kl8vVetXXDn6HkVP0nyvij7rtVZ6s7L+8+oas2ln7EVFCpZMggqcdCQdpE+U6g/xSeuWm/p8yL7+iOmP3qbvxLC8TtzdYfLMrw8Dtq/TMX1j5dySepm0TI+h8X19KUCusLymbwTgJs2a3UpZ2X9Vy8J9TA8L04Z6b9dTeNKf+ykjC2n3nd1VP3BRzp/rV/D7ERpkKcY1V1dIDDdT8zj5h6HHT6zlXbJDZ6+nSdxxLX0VUvVjPt+E2T54dRscmtfu/T8MIuuj4dx7sFcH/H5YTh2is1Nq63VKdnioX/U5mbwvglmq32iwLSvdqyM9q1ft6CdRwfigQvpNQKltBC4zyb6GI8/0c1vAQ9bDTOVsI73pb7MJw924WNTqVxaPF+bs/Sdlx2+xNltNhwQVdZwHGuJ9psB6jvMY+U3/AENrNTWiu5OAPD6uZfhHDums1B++bDVDqKhPPhNtO2pD61xvA/4Pd4c+p949r9RTVdcNGT2PzL5K3nt9pWleKHxF+RDiYg1bV5NZPZ/OI3rdUXxtbl/0zGvt8oRUjar1V2o26TQ1g3MP0qHmTJVw80q9SoRbXj7Up65/F7hvWL/DXGW01rWV1A1vtrvHm0c4tx219R2wOHX7uof2QhtVYALlbkesWqQo3c/u/SedspJYqobxd3kGjlS70LjqPFM+439KvGsLMS3WMo3hAi5XGGI5S6GZ1tGjSIyCPOI1P7xtRJlOxZnHkZTGei/vCrV6CNVUdOUelhdNP5+cYTS9SRHa6oLiGo2oErHeburENZ7sNxUQlelJ8oTh/DifvHP5mmzXbWvILDDvTIOj9ucXa0o2GBxNm7VpkkqMTPs4jpXc1LYvaennGWmKFDjcrSPp4nU4SxOzJ2t3XE2ceojiazWo9pBT7TQNME6QBUj2nqiWce88RoSivSIhxFu45PTux94hr03KF8iw3QLCpxtDYmQdcwtcqeXNW9GE0tc+ztSWGxcKkxKKs4aacRHdW1bFraCTywzL+XnOs+Hjjd7zlsZsTl0X/Uzq+BpycnyxtmkZWOq0h6DAmL8Y+DTAHzLf4ATX0Z6TE+NLhjTfyu//AJpN+Tnw4W0OqM6OfxLidL8OaO22mm915nK+zdmcTM4Bwd9URWo+6Hdtb2n0+mhKakqrXCKBWkVGEVG0AGErMDZZ4jPabOchO+TCg8yyEfh/MPWXE97TOOcjI3yAZgtJ7sUZs57vDLbfWK6i/qqmBWqW2c5ZdPXZ2a2KNyN2tB/CcYMVLS6W4IwYSonTbErYeRnlNu4A+fzRbiepFdVljdAC0GuvmHH79+p1TeWSn/p8pkk+gh7WLEsx5+JvzF4GwTRh9i0jpNjSXqmwlyN2eyIOGU2THo8jD6x1CBO6X5besx9Q+mtqtOu2zstQNuT9pCjmhsPTB72DAK2URfEq5RcghnC9ASRF69eFR2sWvtMBd3PPTkDPK+Lle8tanOWRiMhuWMZE4rwxsael7RSP4Kn3PNBX5czNVKg/O+z7wYZeYI/xO2cXk5RqadUbMFuWe4LI1XbfhEGl1Ozk+0g98/rLnC+eHZariJWm7vINoKt3RhuXXrPlFz+Izfusu+/TUIExWXTyLCw4/UZnP3nukTq9LcXVOGD7w8vJ2/wizJuLFo3w1wO1c/hZV/vzT4ZoK70LAd9fF+aa0cut1PxTU+mNf2fvkCraR3VHqJiaDjt1POhvux4hk9Ipqyu5kRu54V/NFkTb3oam07qeJl82s/P5pltfzTnD6Hhd2rscaOsZUbrWY8vp9ZejhTdo63IQU7toPyxnI1ODa+6sOKbDtI73ovvFNTazOQ5P782PrNT7Ync09A+5GGckYNzep9l8hE3oG5yP7sR2if0talZrZyyY2rnmVnO2Wbs4m5wzhy6nU9hZdigfxfI2lPlBmpxT4V09VvaUvilVNmpUnOz0wT6xyjGFoOHrtey5sL/ix9BF7yd3/TGtTbzwvT5YtYcAsxjo15ZftCKAd/h5Dm3tEtRw61GCW02rYe8qkHP3k3uBIy2U65612jvUA/N7zf4lxuq1qzZUn3Z3IpHNjZ7+kUOObp0fYoCR96RuX8osiXY9SRNq197M7nn4pmcRvxitFJsbuoB80rBgXDeHnUX06OtwN3etb8C1zo9bwD7K6NVqN1TZVlbxLt8/cRPhnCuzQH+tPfdh1zC62y1d51BLVHHe812eRk9RfNAvPd2e/wDhZK1SE7lzPaBMa6uTCA+k0NPX0zFEE0NP9JCzdNPTEerp8zBace00UXpmXIytLFZn8Tr7yP5eGbD1+eYvZVyIIGIWCVzfEq9RaFr0lxH4cHxGMaLR6pEH2g7m+blgx807O8ohl1LEjJixWs99MzstdjMtZzuIig4DpqMmtW3nvToLBkRKxOfOPBpTTUM7pYw7oxN9WidRAxDF/OETTSmBvEGLoK2/3haJC9rQBs6yWvFGfnJ1eGzbC6apHZFusAr5s2fygmZ++em1eRcch6yoixncY/7RbSMdkp7vpbAro2XL1AY+ZfL9Jc6hXuexvDnuzWteta2s5Z5KoHzH0m8nhjaw9Mu57zg8ti8+s6fhRIBE5jQu27UM2M7m3f8AhzpuGo23dCJsdDpD15zK4/p1t1OnofwlAr/3iTNCkxStwdeHc91V8/yrFaG7oNKlVaqqKFA6CKavV7iR8o8MFrNfu7q52RTfIK0YvPA3qYDfBWXgc2YRYnGnTqugPSNLqx6zES4EZBnpsPkYF72lfruoBiXbdecA7dcznDxtXssWm0Hb3XAhIPNdWX5ASB/WZuj14dYwX9IrE1qaTVEMMfytMr4x4iRXXSDzbx/RZoaNeTWN4fFOH47r+2usIbkvcWVzFy+GY8rPXHKRBLKQxp15pgdO8wlO6XbFVmD94mSQG7Q9ATDK2xSxB+WpeXhNkmn038RbrDs8OcZNTeYImHdVYPfY4DLimupR2l/cyVHmefek4VfRcVNW4KvedSOTCv69AZuaGuo9l2hsOFap2YYFw9CDBcN0dItFemoVeu/cM7hXzB5xZE4y2v066mv/AIrYmfv8AsGFflgZ5z37ZVc+oso1GrGc/ZdoGW9Dy7wA84fV/Dylrb2NrDce1CjO/wByBA6PS1oofR6REPOhmIOVNY+b5hJqmFrLt9Tlru9W2xlHQ9oesybTyzNni+n1KctTt2NlqiBiYeobCzfieE4rXyrtYDrhY78Nazbds8j3YiW+6X1JMDpHKuHl2COkoKsct0Eq1D3Omn03X5j5IPUxMs+4pWjF/wAoycV9SfZZ33w/oahXWdNZWX5Pbz5uYpESA6N30KGqqvcnidT1zjqDMPiPFu1VgmdzHdqierH09gs6b4m2qosR+/8AMJw5LM+/5vm/N9Y4uGdOCMMRznqUW32DSaYHf/8AMnyQT2lXsYU0J9+33aZ6L7n2WdDpdHZw/wDiMLK3O7eowVb3HpEdgo4YtCJT2f7/ADTC4jc3eU2Maz3myeambeu4yli8yM47hE5XU2nJJlFJ5URh4hiTQ0jUXOhb7pO8/raf9pmu53EbyEPdfE0qX1Vr0GyzS10VA/Y+yX/U97HruhKdjesceH08MQ1iK2Aevy46rBHXkna3X18mg77/AEhacgTa9lyjjn7fNFuEcYTt7O3A3t90hHySgfnmN6fSV1f8QK1Fh8P+pilVjfu1GzG1uXiWLanXA8j0mYLz1z+ZhA2ajdnAhaJyZ0aqzlGt2183xjPOsdBG6vOZmloZ2AUc5opy6TPuOj06fp+sfpbpmZtUdqeZNca9Dx5Lpi12xpL/ADlSovLWDiDdxzwZl3cQ2xM8TzkBpWlOWhdZ1nlR64iFeoyQC3WOK4xzaKQ8Mm/y2GL6m9e7lhmL2avG4KYjZqF57jzlHOTR1PPrPRxHymRbqFGCrc4nZexxtQ/lisPHSDV56mTtfeY+ksPhIO70mhgjHXEiqkXdveKs3lDkwJHXEWDHgbyifGHwlagnme99K47X9ZTWaVbSUVxvUblyfF9JpxGfcYdFk0Ectjef5ZlalGrxkHPiXMf0zZAFi4f/AAaasbB+HpuNhHmzf5zr9Np9qID1x3pzfAMBnblkbuv1nU1t13GEZ2DK3IzJez/irz7bY+7+kyKG3X6qFJodpPVeABlNRrFRS7sMScLF9XrVqR7LG5CcjVx7t7jVsO3myf3InxriTXnm33fyiX+HtKvaOwByo73opsjxWOx0h2qBGN8BSeQlsxM7AeJavZRqrQeYU7frYMCfOeCB/tNRQHHNXx+Hzn0LiemazT6mtAMtsRfy7znM1Phr4fqSs12aWsnxM5BDSoqObSzYwZek39G3abdvSbN/wtp26doD7GeV8Nr04L55SaLyQ4/rRTTsUjtG7qzgiZqcY15ttds8uapM1pUnggs9cyy+0GQYWvby35x82OsVojzU2oV+zshJbxYPh/bpJSgbNuna1kOK7V6Fe0xzz6+8161VN1g0mleoju2bQSnkcEEMDFHtG+tK2fs2YqoYjuiz5iBlZyd9/hHXVFodlavQXk7Tl1Ynw7OX6iP6PS22WV9kTvBNb5PNey5xejTK6J2aq9WSzgczV2fng9R6hY8mpvBdq30y2Y2rtJIVbcYI3Qnj5Epiy16rLK7rTs+bmSVD8v3gN91VtI3F6rO6zfls6H3HqIjrnK9qLbxliG3EFdx6y9/F6hWgtK5Q+ROLRZ1wc/qI5V81m/Ffag1Jfqtx57AAQEFfIYnI3zoOPa9X7Cut7jUodqNzZ5WHPKc9d1AE6Z8QWK6h8LWv96LF8Ak9YxqFy2FHPkqzw0chlu9KtOR9A+F9fTU1q21feN4WxncK/KA12tHavdpF2c9ygfN7mW+ypVWz7++R3ZjNkknMmUrDWq4g9pzae9FamwWJxAay9UUtYD+XHVjM6jWFztJ73yiByNyuxw6WUsQ47yY+WbPEtVcwr+1P94Pl/ALPMj1aI6Q9koc/xfk/L7wTaguX3nme82YQ6Db6of5ojaecbusxhVHf8KD8Rmc1bG6vTpXeb29uWP8AaMYYo0naMMD+aP3Xqqpp6QNv9afO0/7LGtWFpT7MhHa//OflP4R/rMjHLMZ4rqHAU56TPTiQyKyf5Y8lDXOKEzj+tPoIxZ8MUJcllxbs/wDBjCw5DXDdENjau0fdjur+Y2dAJ4/fZ2wP06LJqdRnCr4B4B5KIPtNu4nrEchXUd3p4oouk1XbV1rp2x4mY9MWeefDOn+HOH1Oz6nWaitQMtQGnQaXQi2xHSpuwHibp2vZ+g9IYqRzta9mjVVoS7d12Cn9hPFrYBSyNg+HIxO91FPd2rWMDurMrX1h68Mp3jvJCxtxy5+uNI0XxL1k8szCxrhxYZM8+cHUIZvMCEiax9dY7MK0irUXbtpIxN6nSDmT1hTpx6SpS0hptA/IGwR+rhZ64cwq0jlhowlrLgL0lSi0unDFHJl6y76FF5hRiMG5z5CDatmz2jQ0oytXQnUIMxZdIOomu2lnjIJNp6STSDk0ZInpMG584qcAtHWAdeZBPKEs+stXSW2gA58KxyLVGFD2ORs8UwjqCXZyw/FO4p4S+5K30mneogO/MEoV8iDNI8GQZerT0h/5RNIx7scC+o37KrBX1DKzDw+817KEak7UGxfD5zq6aN2coOXdbIkt4NS2Q+nX+73f8pWs7Hz7QZCV4PkJuaXW9ATOo03AdMgATT1/rzl7uBadufYgH8vKKVFjne29PPwwPBaN1mtbz5f/AJDN3/4ewR2d3d9xmF0HBlpexksbv435H4fQwtKxiaikg4A5nwzlHsOpvWt326cMEtycHGeZn1N9ApZXnIfFfwqNw1unT8uqX/IxSljh+MaFKtVdpdPcHQEdgcg/xADjl5rOl4Twzsagrj7xu/bOp4B8PUIiWjS17mG9DjmvaRfiuk7NyR0PhMq0Uionpgw3vPd0SK6DhPDwyFn6ZH/KJtIgACqOUV4U33NcbZwASx5RVpzPCM2Mk9JxfxHxgsTTWe7HeOcc611Gcow+YnnHIm0pakUMZtPOJ2nmZTOAr4xzjNSlmZkI8l59M2dBF28z6+GM/wBE2XIjUWjtl7yqT4jXzmXqU6eNrrvrKsr4746q0afQVWJ2d1Jx8uc90+oPl9IhoNJYleo1OruBOOwqBPJWfqceoEDpafvEsVwF8TsfSz1B6znsR0dbSdiXWqitEOLVYE94+oJPKaGg1+/YupVO159hYo5W+oOPWBTiFTN9lS707pIU/efhznnJqeHIoSyu37rwW9AavcjywY/oPNRw7tWevtzXYBuTphvqD1EyW4R5OdL2pyzMrFS/Z9AoHdmm6soRi4cJ7+IdTC6/UBFV2SzZgM+MHlYfKKVXLjte67yqowACp3lwc1xKpNzoo65CxjXWh7bnXOCe7kYgNPbset/TvTq5+lSL2VNvdVznLbvywLVbW2t5To9LYrqNVtTf83ITN4veLLrLcDJ9By+7jtVWrbfuWvB5YG761yu9VUs5GJnrZhnDHlH+C0JqXey507Jf4S+Tt6tFCsUo4cbs3X+D+qH4R6mB4fw2jTPZYylrRnsAek7DiGlVagUYB/Fj8X0nLXnOQZRRGuY5Zz3z3mgLrNuSTPEuxkOZlNxlV1FRKE/hUCTFY6bhuhZB9ovH3p8A/AIa3VMp31ORYPCRLtxBWQjawf0bkVmQbubAHnKtEiw6YJ7/AImirby6UVIS7HamBL2P0IM6/wCDeEd5tfYBnwab6+ZijSROG/Dd1aBVFC/M5bqx9SBFuL8PvrUvaEav5ivy/UTvvUCJ6irl94OX+CxqnMfNdHontda6q3wfUclnUaP4WpXa2pYu3oPDOnr0vJVVRj5YYaMeZMFTIzVoqG0Jp6ccvIZhvtDeWI/9kX8Mn2JfSGwe6EDa3m0E43dWmm2hX0gzoVj2KnUctr+H4zZWeXzYmYrcwJ2d2iXnMjWcGU5atwD/AISOuda89RmVP5ZjKv6xCxWrOLB+0umo8siZ4dh5bYyjdJndp7Q9V3QZEViLyfEIo9oCto3WY5UV6EnrLPS4gms94aUBsir+cNbZFLbPFJxcirNKF+sUt1fUCH0mgusxyIWVI0kkDHeYLWDk+GdDwzh+NjNnfGeG8E2AEj9+s2a9OBNGffqz4iUDHICHlZ7mS568FYyW8zIVlgZ7AgtnUiEE9kgEnjCeyQCiNn6/NL+xgrBgrYP5X+kLGEifE9OHrfIG4eCB4vr+xWuwsuCdvMxA8eRh3oSFWV9jMZp4eSRlZ5fx2pc/w/3zFX4vY+RTW2PpgSpGeOir1qUptZxMLiPHWc9nW4xzVYoaH8VjE/ix0WCetVYNjkf+UxyHaAU6s8S1Fo5gQ+qv9DMrUWYzk849Sq78wB1gL62D2Vv1HdaeHU7MFR958v5Y9qmD16S5h95jsNSeu80dD9cSbRC9FQJJJGwAu/5ezjlHUEPgeJGGe6fcxXUVH7Jcigdqzdk23Phr55gtNqXDV0BTnmjYPLp5zK+SretqFymmx6t+EWhmJwh6kj1yZg6tbUrKV1g2c9vp1wWHrPOLEdotoWwPtFTgE4xWoP8Ak6y7cTL9nSVtUIrugK8k2DJyZNgsZ2o1QGxdTTUVP3duM90/lM6PgnFVQAOLOzwUZmwdobyJHUfzTKdK3bk5bPeTcc/oJV7aO8tRt7ZSittAzmz92hgvPw6sWae0tQtgrswWqDAbWPtz3CZuotat30VpUAAtpsj3yApmbbca0pe/SlXQi2glT3ufpy/WB1nGTcLX2M1fPsmXA7Jq/b0ikEYNrZZj65lD5mVZvQy3kZ0RpI0uC6oLXqkfoInff1ilTle0x/LPHJz1/mjsLG1q6yVYKefiX0zM/wCHeE6nfbZe9qIP3c2ek1rV5NGlvHZV1p5fxfVmmcqlX4pZhKrW7o8EA13Ume6jphukybNWAwQtylWnIc3+KaHDtAOeuuqrzWNqv0P3nIAep9Ivw3Sdqxs/q171p8lENr9bu2VpyqH8If6/WLBod7lnyTz+X8oidm4Ew72YWI6gtsa/Y/ZjxR6cjR0FLWWV1DxEhF+tk+taTTitEqQclAWcT8DcPY41lqEci1QPXvcgZ3SeUqNRKp7qOjS4GPKCv6cz6RFF01K4HOeNqfRTBK45coQWflMMGLdu3kkq97+WJ7lvwiTsSerGABNz+bCULt+IxxNKIwtSjoBDR7ozDSTnumV/o9j5CarMB1gm1I8hD3CdVlWcDDeKIW/Ci9VcgzoWvbygWdj8xgqd9flzVnw5auTXqs/h3CL2aWxPGvTzHSdU1LnHikXhxPiaKyLnqfly1OpEcXVD1m3/APDtJ5svOFr4FQuMVCRhXvlgNqPeVFmc4/w5zql0FY6VLCilR0QQxP6k/DkPslrc0qs/XlLr8PXOR2joF9uZnWgCWjkK+rWJovhmlObDJ95rV6ZV5KohcyZj1F6tWAnuJTMmYiXkxK7pA0Ce4nk9zPYGrme5nsrALySk9zAPXGQw9ZFPISStfmPSBMf4l0gtqrRumd05hPh6vl3K50fxLqNooXPq054a0+suFR6uEoowdufUQq1KmdrRF9efJoGzVk4GeZlVNh+2/riZmpv685KtYFb71e4Sam8thi/HCFO8L3c7cD0s5iLS1n6i7rgxCyzcyA9Nu5//AAxBXXHmSZ4p7llxPd2hP/Ub/ZIrSq1Kkkvt/ljNr2ipzXTYybgluB4e068p0HwrpazRdxHUY7NN20H/ALsZAmfpdQn3CgDdYz/aCASFFh64PdMy77+kWluGMVSv7TYVD7Fb/wD19/hYj284HU1Gq97dp7pDNjGFas42j6mag7Pt00bixtx2dMBhnkQYXjV6o1a01V8wEZsHLdmNo/XCTOWomud4q5ZC1fNiKNw3AFe7jqP5IbTaN3yjU27GAtfapYOa+ikCS+jbpq0rSztA23IONosmlwriDVgIbjv+ZWbJaP3Nmdr9BqHQF9KVxlEVVPeGAQVB70RVbdgW3tfOupzydRWeh9ROn1Gp1N1q5tUVY2tubYV9xygq9NY5C/bAF7+2wAMM+mY7RKztLwTUVW0OUVq+5YuOYtFnMgj1Ii3HOGdi+p7Jx2YztGP7Q+k6TS6rUdq+k4kF7Fvu0ZTjYa+hA8J9w0yfiiu6qjs9Y9bWM26hxzDrZzyJUpRyVZ7zQ7dOsWqMYsfoDNmkgK1nlgRlNMxwAsUbVYNYBnScPtzTuOO7hmitPVCeUHprMb1P808XzgbAdyBP5ZEggrlrHFdfX/pE81vwsrGqyvVAJyW/d/mJp6OhKkOCO0Pef8xg79T15ygNrNcqVjQ6Rfuhhr287jX0/QTKdzyJE9azzPSB1+qRKySwz8v5RJp4si9oWr+QeMzWDKFCovTupiZ/DdYltS9mmGHj+s6z4X4XuY6m1O4v8L0cypFSN/4e0diUodQfvG7zD8I8hNtFgFjCyl1cwdq8v2hMyY6xJiqVdOUMFngaWBgHuJ6B6ypMozxARrPSBe/0g855T3svNjDBkeczCLpyepha8eQhN8NFoH2b3llrhd09BhpaGH9RLhxLYlGKxBcGe5ggnpLbPeILFhPC08Cn1k2+8AmZ7PdvvJtgHk9zJiewJ5JPZMwDzEk8BloBBLCSSASTMkqTAJiQCTfPQYBJ4vVpaVPkYER4twtb025xYMtUZ841FrIz1WBg4JR8gZUpPrAnz34+0wSynUqPGNr/AJjVKlORz9uvA5bj+FfKLPxADO4E49DzmZu3Op3oAO8u7pmvnGNPVSeVuqGc93HNWX/Qyqmxs6BluDgZww7J/VGr5q0f1tAalNO7/ebE3Ec+dY/0KTP02iRVFtFmX8Pd5DFfqPWHs1mdlg6+Fpy99WMOqwbdMqNmyxWoztYr1/Y4wYSxQlOqUJ0ZOZAIZbM4IgeJad0taxM9m43vzADizqMnHOM03bq7Kl3bgqWJyOfuyPSVe9xVvwPofiB66dLpqqdw3O+s3AEOtgAAxG7q96126NPCd9qA5KDrlc9R7dVnPWODtcJbv5bcYywz5YO44+k6/hYRtyl1J27dvR6i/Rx82IrPKLPLnme7ttQ9tTAqeoBAXs/C0c0LtvXtEJ7pVcnPPniU4svML2zB+/2v4Wag4MLo+IAOEcIzhUZxnzx5e4k2nhFL21OezVQ2dvU4YV8+h6TU1egCGsbrWtYBXYKQMe2fMCInVIquVQhN251HLm568+sFSlT6mnUi6/crI3e5FVrPkPSXIqQNrmJ1VWooYMFLVZJywrOMiN8NvB+0af8AKzrg+Ibsf5vGNZo0u1DixdXsUnowwwsJOJraLhSV5ZKv358rIWNP09jDdg5rsuoZbaztf0uVOWP9jMLj3Ei9enoY2bULrRuPNR1AzO91GsdFcKtePmyAQ0+cfEF2bF+7UDm3LoxsMrmeYd4yEtMeYE0btIzYK9PmiGlHMETq9BYo01r8tync02tEji7Uwze3hm3w3UYS5SeTLMrUnLOwBwYxpugAioxptb1i1z8uRhmU9YCz0MiiNBVuRKnvZSW7zY57Ym2q3HEe0125EJbmO7/6czb1Ve8DC0YO7wL0s/3PZ5DY2jzY+0GLN2Ap5nynQGg0U4z/AMSw3e9K2f6tCKV0tYNlHDtLWgrz2bY9bOpJn0vSaZURK6wNi91ZxvwNw3As1Tr/AN0h92ncV+80jWTwuFhf1gwYRYyoiy88QSzSKl6o85Yn0lN0DZb5CEEgjvjmTKqueo5SKOhcwV2oz3EPL5jGJFrNSq8lHOVW75sczArTzyTDouTCqsgtWT1jASStZbP4ZKLXm2TPoJYJ5mWgWh7PUy6r7SFpU2j1iMQyhaV356Tw1H8UA8NsusqKBL4gFsywlN0qXgQmZIPMtALYkxPJIB7iSeT2AeSZnuZIB5PCJ7t9DJAE79w5iSnURsjOQRM69Nh/6ZUVGij5npEUrt6RpXyJNibFxOW+PtHv0ZszzRlt/RuU6A3Y5TnfjUO2hv7McgQ1/wDLGJHzXU6Vfstdm0bw+zl8wsBOIrXTu/hrk/4TQ0KBqHruHc37v/TWB1GiZOWkVycm1OeRivyHqZHv+hWlwwW1V9uUc1sVWgf/AGz3h9Yw7AMl1YPYsSretRf29GhLkLcP0pscqR3VxyObyZk8I0+xbWXUK3y3rnxr1x9ZPcZ3jWlrdl7Dtal8kt5ZDH1HoYRNEamrdVsIVdu7GCq2csH1Ez9S5DC1f4TBN3Llur9f9Y7XqrRWBU/IeR/DZ9fOZ/TPGbxKvYRai6YDk9WR3m9RNPR6ch9PchyhVnqZQcbrOWCccoDVL2y2qife1hLUwcbxYMx3gelut0+ostssAqcWv174rU4AA9S6yuJv9KkZeqss7u+ogHey56N2BwefnBXaexf+INbCseDIyM4yMTq+C/D14uu1fEx3iA2lwQVqHpgdIHivDu0d0F53nvKN2FYeWBKnC5y5rULW/aXLeFsZXW0YGFbH+WectwnQOql73Jc95Tjkw9ofU/DLpta6rAI8juDc/IzW4dp+RQjkP4f5ZVjXmC6On5rBHNXqV21gEYyN0LWyBWFmN3ze8wrrl3HHT5fywkaNHW7XrJzPnnHtDY7IaqLTjO7AM69NScOAmZ0vw7QHQ2Wbc+Fh+GVGfUfGNOrKSGBz6GayazbVqUHRgs6L/wDyRRSjaayv+LzR/wAwnHVtylJxVQDjMJQuC3KU7QAe8tTqeqkDBhaJD5HSDxLK89kWpWps2rbuJ/FAXaFrkJ7Tb/Zf/wBhHCsyIc4+aOK/iU9I4AOCaH7Mr6rWBDaO7pVBBGfUxlLXsZ7LWJsY7nz8xi+nXLPk8vQzsPhjgZJTVWJ3B3qgfmMGnEdNwrTCvT6esAZA3P8AVo6sqJcCaNEEKJTE9BgmjIZdjApLO/X9YixVnntaeZniCBus6gGPDkWutz3F/vSir5CRB5CXLqvJm5/4wNZVjFYxiDqUn6RtFxJtRa9VSebdPSEgrLgoJZhiKJrmckVVnHqeQiwsPs0A13koM9VPxmEVYAIVsephFpHpCSQLVNsmD6y8mYgoV95UofWEkjGh7fae+ndhJIhoefaWDe09kgabpN09nmIE9klZaASSSSASezyeF4BV/UQdihwVzCboB0xl0/vCOHCvhJUxqh+sq43jr3hA0tg4jpnOxzzks06sr12KCjAo4PzBp4tvSED5kpr5druDtRa2jFZI3PbQQPLkVMA9IRVsLFl77VcjlTX8p953Pxc710/a6Qnar3MkeEWT5XXq9Qz2BLDhtzanJ5P7kSLyMbdAbUF0qIFe12VWPL055mRrqtltjV1WNnvtnHdPn0G6OVM+zT9lbUXLHfjr957wGs1LhkSphgfxyDndEDPD7GtV9IFtUht1QYcm9QflM06NBsSzR2ISAe30DgHunHSZ6aju6ew2d4YbOeaNXOl0T2XOfsbr+K0EkbDX5HHk3UGTGG+WFXeQ1VqZ3rvTU1nq3qJ03DeH2JQRpXDVtYdSvqqKAVUgy+k4etmo1PboA6KidB3W6g/hOAklLtS71Wvivm1BHyHqQR4SPSVJiuYb1HFCisLB1B6jBnHmm++9DV/Dw7X4+UV9APcwnHOOBrk0at9+cdkMHHf9QPMzu9BwzZUibOZAZ/qw85ou181XU3Zs09ljdkDuUHkM1+ePWO16lsdwwXHD/wAXqVQjAO39VnulUnHpJ1vJ4iWMzeZlhoj1M0aNOPOTVXAdxB3j4QIQUpTtHiErqfiGjSq9jWd8+Q6tOd43q7lS7v4PNkxODud2YtY7lj6mXzyjrts8b46+qsa+zO3w1D8Ii1F3RQf5cxcVd1MieEkMn6S8ZytocLs29q3TxIRFvynrOi4RqA9Lo3y979LJzWude2s2HluaTFNDf3pdj7xXVNh4YWd3IMmxEVuu2gMBz5R624dxwesx9TZzAzH6ADXX6+GGKjqfhLg4uZ7LPApHKfR60CqqqOXhWfM/h7WtQyPu5eG0eTifSkfdsI6HvSo2xcT1pFHSWYSyDUywEqTK9t6QVg3aeUqWi27rCbusMGC2WYAxBdcZg9xJzLluig/maAx69h7qVj/2yioqbmZu979Z5ZbtySYptazvOcV/N6tFhyG04i7HbSgP+UZLPgF7O97CL0k91KUwg8XrHq6IVN/0XGn3kNYSQPDnpNCtZ6KwJXtB5SbUWjZk3QQBPlCCqInos9BPec9CyQDwLLShPvKl4FguZMwO8+hnhc/hhgwbM83iVDdeU8MBi+Z5meSZgeLZlpTdJmBYtPZXMhMAtPMwe6UZ+sMGCGyB7TrKlTPQkasWDS4aBxLiADtrx94h5eJhBXuMo/8A5o2GmVxdigQ1ryOYSnz8nmPSSpveIrqMqhPXENVdjEMO8jcTVXpsSzwnutPk+q4KVtesO24Hoo/bM+lcQ1vgr9fFOW1mp++sA9osRYS4fwUq/bWJqN+D5ZLGATh+xnazSlRllXI8rPMmb9Oq6c4wNZ5HEm8JsclqLqgPvtLXtbuuVOGU1+0ap4smn2XaRnYMQqN02n8LY9fRpu36TTWc7qRn26/4TIs4FplYvXfft8LAkENFeEe01oeM6k2M22gU5t12sYc2bl05+UXr4w2pZS2msTUJ4lbpaK4PTpXULFr3kN3X3HIkOr+VcAe0M8KnFeaX4ZuPFKeJI+agy2+pQeSke07XinxEtSW4I7UZVVPWJ/CWtQi9GcdqD59WEz/jU1s+nKsO0AZW+kq1U58uT3l7Hc+Ikux97JtaZOQ5TGoTvTodMkh0U3Xp8jIaetSqbn8/mJhq25DnEeK6gBCo6nurHGbkfjB17HTsF5sdzf8AiThrOox5zsvjJ8V6Gs/m/wDxiccV6TXn4Y35a2g0u/G4ch3pm3J3jOg4E6lL89VBmLrHBdyBy+WAxoaTVFKtV/L/AKzMrAJJbr4oSs9xgOnzTysAc4KMa8jcDKJdyIzK6mzoIqr9YsZwR2yeU2eG1nYC45eJMzM0Om3srHoPEPxToqVha05h7RNhkJ8sNPqmmIZUsU8jhlnyis853Pw3xDNXZM3NfD9IRtnh0WJ6TFjqYNtV15ysKc1Hc8wYEtKWW55iBL9OcprIZB6SNd8sCluQTFaqbHZ8Liv5ST4voItGRqNYAoxBp3dx5lv3ltPoB3C7kn5SY8K1EWotn8s9aXdsup2DwjzYzRTS5xunqsee1P5TDCo+bRWovX9POQwBCKW8hiWVAOQEvFqVOz9ZcL6Cegz3MRLASZlczwxB6WnhaUJlC0YkX+s93e0CTIYzF3yBoHM9zDAJunhMobBzk3wwC7pN8pungeGBfMmZJIB7PczwSZgT3bLBJBPYhUxPcST2BaBYnmIINGjFrk6sOkcOPQYLVU70ZfPxL9Vk3wiPGbDHoZa3Uqil3aZ/HOKiq16kTLnDcvzTBur1VxDNp7vyjBwoi1tfhoWcQ3s1mZiHVb7LH8if+iGvotCWVrTb2hG3oYvRwu4AfdH83ODPwcr1PmZ79p6nMXOitAz2VkVcsudynMm08jQOpPrFrtSYobDzMgszy84rTnIptM9A6ZlV9YRWk6vD3DaW7SkVv38psM6Tinwup7TU12Pv52MD0+gnKU3FGrtrPeUh1+tc6yj4lF4OnRGFpV9uejFB0lSsupdcoagMECO6e/HLMTtfbkeY9YmNdjyk4t0h1Yiu3tH3Y7oimn1ityKGaA1CqpYmOVNjiPjmz73S1+zzlSPOanxHqu01NjZ5LiuZmZpGNN8N1hr+0EdCpX9YsefMygPpJv6xlDCnoMxgcPfxMpC/L+aZws5g4nWcObfpyuean/CyKm5a9vQzyuskhR18Mct049JTSVYsDeQjtEja0tIVQqgYjqQNRjCpM7WsgwHQzQ4drDW6OD/MPxCIL5CFB8opWkd2l4dVZW5GeM05rhfE9p2Mfuz/AMpnQhgcEHlNp00kelp4R6HrBt5czGtOo6mFoo2m0/TMdC4iiakZCJ1jyQrHqqojHMMqS4EmJOotXDS26U3jygGvPywwpDsoXH4pnnUHqW5QFnFK1yGsGfaGH7WsbhPe3EwW4wnQK0oOLD+zhgxvHVCVOp95i/0mPNJddUhwSTHhzlsZnoHrM+vUeYMMmuHRo8F5pqSDNo9ZO1EWJwTEgWVDy2YBCkoUlsGWCwNRVMuJ6FlhAlczzJhZXbAKjMsGnm2eZgQgeQPBSRYYu+TtYEyBoYMH3Twt1Bgt08hgAsXbk57sC2og9frlTcrsN3yic5qta7/NyHkIWrkNazUp2j2jbv8ACpx5JFhxB+gsMSLepnokHTYtJ8RMOjdAYksMrxys7Ggpg7aUYd9EgVsnjWGVqSGq4Khy1bEH08ph6rROniX+X0adMbIG1/ErAYk2LnbnaX8mMPulNXo9vfr8PzeqxdLuW0mQ1lNFprfDerpS1hc4Fh7tWZhs/oYpYfWEosfRuN8IquUuRiz5GA/znE6vhllW9nQ7fxDpL8N+KLafu7Duq9+qzqeFcWov5o/6GWy8xx1eqOQoB3/LgTc0vw9qrsOyhU9zzx64nQppqEtLiirLePAEJxzjiaWmy4rZsxtQgcs2coTlN7fB+K93U6usMcB3VfzdmYr2nJjNHVqp32fMe831idGnL71XGZpEaXHVS02qeEHs0uXmD7eEzLsqKkowm/wbV/caqs5yv3qCKnGDauGZTjImrwnVbU1aseqlZk6i0s7uwGT6S1T4hYNbLLFkHfbE0TV+8UFZ7VB6yJWlaNOMLNCpZnUeanqJqVN05SauL7JTlGD6wD+eCIlLCyaGi4uU7j5Kf9ImMzHn6SrE45GOVXNd1VcGwUcYku1IAIyZmfDvCbCvbWOwQ95APm9zOjPDx5KOXtNF3qEOD6oF7B548zN9W6TPGkYYIAjKK3pKkZd2U8rSMR5mK4b1gNVqEqXfa/8ALk82iZ4ZsuHMlhiZGr46gytK5P8AhMfWcTazPPCfKBFlXMWnTNusdySznn+0gEoo6wySdGiosJiUUQqw1NWVIQLKCEBlQCK/vCg55GLiEDRynOjNdhXHOMK2cYiCPG6rPMGVKvd/k4jQyWQG7pg9ZBZFiLDIeei2BzKsOmD/ADQwsMb5A0X3T1Whgwxg+sttgRbLC08tqxYWCEyuZ7tPmZYJFoUnkN2Um2GguTK5MrqdTtip4gFGXlKkpvdjxGZPEeNAZSk8/mMQ1/Ey+VRe54W/NM0npJtVItbYWyzNz94D6GXMrj1k2jVZdRPAJYCLRXohkEophFhE1bPWVLSSPHKnArIBzDNF3MJRYG0yrtCS5athtmm/1gLDjJEnqeFcX4/ASaJMZYvn6xDiOjZFFqA9n83qh95o1v1BMerQbDW6jacq2fmDTi/VvN8urqTPDg79aF8Tf7za4VxGgJqH0bF7cbtrDayn2ivEvhPLNbTdWK/mDHmpmZR8PaxXS2nTWMFIbusMt9Os651LPFcnex1dPxg6JjWaPUBj3KmBDBv1mtx/jDJptV9nSv7K1JXUbuZY3gBf1E5B+B3n7Rdptybu9qanXu2n/FZfjGv/AOAGjsx2hNP1Xs+ZEqdfDC1yHatz5zR4XRuyR15TKE6H4bvVWel+jd5c+s1qpGZxcYdQD5d6eaPVbRb6srp/6kW1t253JY9TAqfeODRd89DGCx1zPRCiO42RLUJhkaaeIvqK9wPTMylbWAkYYN9Gj9b+0BaM1pZjmPFLUvyisVDm+Ad+sgs6wL2e8ItGsjfB9Kbrq61UbAd7+iiszKuuncfCWnC6c3nq5P7V8o5DkdPWyqFVQNo8P0lxqB0BmYXJbGRiHSkcppCvJ4XiX+0LEGrxnnAai9UVrHP8vqxjpe01ruKpWpbPf+UTktRq2sdrHaB1GqZ2dieslY9pFrO1fHSHrEEoh194iXX3hwvtBVn1EMPMZiAolg0EsvGBAesspgwZ7nyjA093QQPvLwgX3QldsWMqX945RK3KG94eY1F/QTVqfIBBlRdggMmZTMgaPCwbM8YwYeEVYFiq1ZwSTHEEosMBItTamJA08ZoE29IYDJaCsZvJRLqPOVvswrEnpCEw+JazHLHez5zn77yc4Yw3Edbvdj5eFYp9DC1vPEeiQCVB8pcSdS8lGl4NvaFJ5PQZQ+eJcCKkuDCD6waCGUdIB7IRLBZ7zgQDCKuOsacQDr1McOws8XtjBEE8E0pSMuq55Zmr7TMY7Slg8poVtkZz+ZZwf5HPn+XRxdn8LMeoPT5pyvFeG7WNtTgVnuuOfd3mdKx85QVjmST+XBwZHpd+2/srrjY5TS1ahW3JddsXvvtYjcKxkj9Zj6+61lQXrduyWyRyYY6CdaLCj3VnVat7ebKoYoFFnPOR5znOPahnZA9xYDLLzM9Dmxx2eWKq+ghqLNrI2f8A2yo8p6R6zTRYVb5sQqLPGHUiEqqOC2OXywtKQQ6R9osUdzlBsOXMcxNfhbZS2lv5pn6hcO6+XiWGnHaMw65lGfqIFreveg2tmbYRW5bD05xcNj9INrYF7feMjvb9YCy7riKNf15xa7V+KOQ9N9sPMz6nwsf8NpF/KJ8k4fpzdYtYPd8TfSfW+CkCuugfKAq/SuE6m59tOfg/pdN1LR1seQErnygmB/q+vp5TSRNur2LyJnIcU129iFPcHdWaXGuIlQag/M/xcTmwcyLU2jJDLKBYYDpEhdRCAysItcAsgMNj1lUEIoiOvVhMSBZAIyQCXxIstAPRIWnmZCYShVjAu0uxgWMAKlnSbGkvzgcpzxaO6W/BHelSr5dGKx1lCItXqOQwZcPLwYaqTrL5lKzKs/vBOGa2hS0UHlGFsAzJsTYsRy5xOwnKkQ5t6knlA182EcOGjcABmc5xvi/Witv/ALuIH4u4w1HZJWO+wO2cvo3O3Lk7z33P4jZJaccfZ/PmYQD2gUEMiybRa9VeRnqj2l5Ikhu0AWl74qtnlGVHAhkglhUEAIohE9INYYHpAVeQmeD6T0rDCBeKPG3HWKsvtEALBAOIyVMC8NPCdvSMaF8p7jutFNQJfhlnOyvl+KYevP8Aj/C/Tvk5KNknl0EsVyWHl80z+N67skVK/wCI3dX8or5kzj4m1vb4I6s7LH1LtXjwICM7jjHOczrdR2rC0VVr7KOU3PiSwJ/Rto6Mv2lAByY2EmY9iAKmMdBPR4mRxb8kCMdekjeokcSrTWUmjo9IllNrYHarnZAVjHdzyjHBNRixEI5GA1lWx2LHrll+mcSbTkV0lu21Wzy8LSoqFlr17ubErVjpnyH6wCKXZUTO6W1jhX7OvqvdZvdPMQJvtd05yj2j15TMbVdTn80C+t9SPzRyNL00bL+mIF9R6zMbWSVXb3Ss9CUViPSwx4n3GbL+eBmMaXRs7hbBzxuUTXb4f2Mr1JZsPdtwCSvvNHh3Cj1c2Y+XII/QA96Y99teORNBw1FA5Hf4lI5Fe0nZ/DunbY9jMWfwqTjpBcK+Hs4e0dz5R5tOp09KoAqKMeFcRelxd91X11FK9J8z/sOkz+McTWpMLjcfDHdfr1RWdj08InzzivEDa7uzfyze1loNl25nZupl6opmN1SC0zXGUgK4ZMwIcDoYdRAVxhIaFwvtCBehkWXIgFc+k9kUSYjCyiXB9Z5iewCShl8wbmADsMA7S5aBcw0BlucNVZFTLK0cOVs6K3xKTy8SzR7XpOeotPdOec2CvJSPI7v5uU05bZptbj0BEYpHmYkjDux1HlVPUF3dBmeWkcjn1gUbmTK2Mcn0GYsTixOY5oq8AkxWochGy21CT0A3NJpdPnvxtq9+oWnPdUDb9XiunTurgxPiV/aXXWZPiLLHKD5SK1+jla9I0iwNflGBIZ2vcTxzPHeK33xxIeofqYlpzuJOIPUWksEX+8Y9pqPBKFMIIcATxVhAIqHoHSEAlBLKYQl1lmlUkaACcwNgl7DBvEcAIgLB1MYcxdzEGfqYLQN97t+qw97RXRv9/Xj3mfqzxVcfLd24mJqivb7rEBCgLVjr951m43nMRVL2O3lk7fpOH078t80LXp2lNFToN1bGygkDpZ1UzB11NmSexb8TYGZ17U+QEWfTeYE359b+0X0p/Dg3U/gP7QvD03WpSw7jdxv7/nOz7vhZB+0KtC8sVj8vKaX/ACP2T+j+7lNLwd1NdrvyJ21Y5/qZTjlR7ZyEs2jFanH9n5ztPs45dMSxqHQqJnP8i7+RfTjhOGrt+0Xeaqdn1s5TLt5c59Bt4ZWd42DB7rYGJz+p4JsdmCbqf8Vm/p+tzb+Kjvjww7q1Ge++7msUKdZsb928qiYwf2sGOUtXpa8BnP8A7pvKwjBSsnPIxzT6N3Za6q2Lnurib+g4HZfjs0C1fMxHiHtOx4VwVKQqUJ3z3WbzaZ9+tJ4nmtufS/0vwrS29np6rgDcAFbE6/h3CBXh7ADYfP8AD9IThvDFrG4jv/NNAmPjj7vyrfqfDwCCvuwDnoO82ZHs5ZnMfEXFcA0qeZ8eD4RNqJGbxrivaMygnYPDME+chfMqzTO1Nq9Z8iI3UekQQ+cZRooTTraMpEkMcU9IHDCnzjCmLp9I2nriBLLCE9BBBpeMLGRRLTyIPRJn0ld8m7qYwhlGMtu9oImAAs9cwDNC2mAaI1XlN0hMpmOUGa7emJv6dson6LOV39Oc6HhVma+vnNOK25+Dla96M7oq/kYZW6TQUwD0nrkesoF8zI/nEk3ph0geO6nZp7znmQVX6tyjmlTkJz/xjb91XWMc2EztZz5cJavMNiO6U+0X1SHbnMJpG5A5/lkWtbWtT5Q+6LVGSyySivNTd1mVdqc90dZbW39ecro6fNusYG0tHr1mpQsBUmI0gj1KwHnLyYnpERPcyASpnufSOBaRm6we+eOekAoW8oOxushME7RUwmaAsPWGcxO1uuDFQWtfrFNG/wB/Vn1hLmitB+9Qk+YkdzxVc/MdHqr9qOQeZ7q/VoLS6fAGZ5Wm4rY3T5I2DPPtdNeYHkshSXnsjU6Ts0YbzgW0zrzDcppScueYTqnKz67/ACMPnpBajX1DcuwEytFqvvNYIb5gfm+kuy/gYIwgjXDgypilJ8+qUBmVSM8+hz+s6Hg/BTZsv1I+78VQ6b5m/DVFdj7SDnxvnrj0nb2cgoAGJ3ev6mePth6Xp/YlOOSKo2+FcTpOEaPl2h6/JOc4cu50Xn1nb0jACjpF/jent2/TXu/RgCAus6qDPbL8ZiZflk5/NO6RlIHrdV2aPY3Rf+Y+k+c63Vs7vYSeed06D4p1/NdOjd3xP9Zyo58pnaO79LiWcSyjynrCTWYIhUfnAYkU88RQRs6cx5DM7Tt0j6RqhlTDqYovlCoYgcB6S6tFwZ6D6RkZDeUmYEN7ywaAWL+shPlmVzPC0AuXgmPpPCZRjABWt5QTmWYwLGBqNKGWZoJzHADc/MATo+DN92/1nLanqs6bgH8Fj6mVw25azzzTPPSfQQROCGmtM+D6zwDJTriDqOeZjda9CYWop2ochOM+KrN19dZ6Af4vOydsLOE40+7Ut+kzv2jmMzV19wiKaK3kMzUvr7sxa+6zIR+ZZFVK20eA1F3qZVbPeJau7yERVEG9skzSqXkBENMs0azAUyg6RgRZYQN7w1JrMoTPAYN2haS+6eEyu6ebvWGmsfaVPTrPd0GTGFSYKXcwbSQCYnc3WNuesz7mgCV56+sFpV3XVqZe09Z7wpd1yHPIB2mfqX/jVczy6IeQlhKtKEmec6DE8gw8hcxDFy8zOI6zGa1PP5o5bYFVmmAcszN5/MDNPT5VIEpIOT5zR0D/AHq46GI2KehHKH4e/wB4mTN+p4qq2rhhmx/MspCaseBpRTOVk534N0h2XXbeRwif3Z1FqcjK6PTrWiV1ryA2rDNNO+/d1pcTD/w/pSS1p6Dur+Yzq1HnMHgbjYy+c1hd8xJ89onp+hP+M/dPfys1eebHl8oi+qdQj2HwL3//ACz17920jO35phfFmv20dmjeI7f5Qs1pRxuq1TO72MeZLM0FVAVkw1QmLHqmUWRvIz2ePGkNxAHy5xp18wYsw6c4jjU0vlNGszM0p6TSri1Q6mFUwIhRACBusKpglEIkAJPcypaRm8oyVJ6zw/WRoLdEoTMGzz1pQxhVoF4QnrAMeuYEoT1gbD1EvF7GMcAOoM63gf8ABTHvOQxnC+c6zhRwCpA/FL5b8TxWu0CvkZGsiot54PXntl05GnWef7RqsZxEqDyE0aR0iZ9L6p8I5PoZ8/azfa9hPMzu9e33djexnzrTv3j6c5HSZPDRsAxMLiKbW7QDpNwzO1qdRIEpOi+L2WZc+nywHaFCQenyyaezzbzisONWg+cfpbpM6hunpNCkwhU0plwYJTLAiCaMTKzzMqD5RirmQes8J85CYBCZUyY8pP0gShgXb2hDAvFQBY0z7l65Mct8yDEbniqiWpbrHeBL37m8uSrMy9us1/h5Pu3sPzH/AKZl69/4/wAq4nlruJQiFMqwnnxvAz5SxM8+swfiHjPY1sqeM5RJpxxt/krc8pq+O19saQRjwsYwUDAWVsJ80axsliTn5vzTc4L8QGs9nb4DO3r0Mnj6Zcf5Hn8Oo3+TjnKhdjI69OTRruWL2iMOcWepl6HlMP2dMxv3kPWGHs0VRoPhWpDK1L9R4fo09ddrOpmNmeENQCVaQNI0iFDHDtRtcZPI5Vp0S2TjnfHPPObmg1YK1mxvVV/MG8zPS/xe/GKvLWtsCKzEcpwHxRr+0tVdnJe631nV67WouTY4xy2/mnz/AIheLLbbPUllnR3WXcyfypWfKMJ5RZDCpI1z0yG9JCeuZQHpLmIICYG3ylyYGxu8DHRGlph0j6GZ2mmhUJCjSmFQwCw4jhLywU+U9rEusQVx5me+5lwPWUaUar+cGT6CEIlGMKFGaD3ec9aUJ5QGvGPWCPlLEwTn0gA2aL2mXsPU5itz8uscA/DUzYmfedJp+RzjmP8AKc7wTvXIPq3+E6hk9Jpw6vT+DIYcjAWN3+WPzSnaHkAJVesdqsa2lUzSpER03QQ1uurRS1jqAIOfoTXH7uwkcgC0+d0OMkzY4v8AFBftKqANnh3TD0/15yOqnPDRDxXU88y6mUtPkTISwtenLpKaf9JfibdAPWL0npCqjWoPKaSH2mVp/rNCsxQU4p6S0CrQitBK6mXgpYmOCik+UrjrKbpfMAmZWezwmAVaLOfWEJ6xa54tEL2nqMzPvaM2sYhe3UCIE7nnScGr201592nK2HmAOs7LTJtRE9AFnP8A5N8RpxBxPZQvBXaoKrOx5Tjk1qDxLVrWjWOwx4p824prze72E8uapNH4h4ub37NGPZrMBjPS/wAf0vbNvzXL6vqfX082Tye+mJGnU52jwvjNlXIHue86/R8WrtXqMz57ulqr2U5R+YmPfoy/tW/p+t7f3j6YE5qykZmkjrYALPHOJ4L8ReGrUN6KpnWKMgMp/lnB6vFldfPU6+GkzTzMhlc9ZhIcCui1mvIVgrHdy5//AG4e1upmZf8A+1Z0+lWkE1vEt9aFgcjKL+b1mCX5xniJ7yAdPCsUTqJ2xy+tfJtDGEPSLVtGQYMVyemBCloL0EggIuYAHvcoUwFfiJzFRGlRH6jM+g9JoIPOIzKw6QCdYwohAJLwQMIB7xnRZJM9ecHGSrEwTy7GDdvKADJlS3SeOYJm94QIzQNje89douzQCrt1GYle0Pa/pM+98QPWt8NMPtKZI+edmyz5Pfr2q2W1uQwYMs6TQ/H1RXGrQ59pry247n8Ov2DnBggMzE90d7nOab43p59lXYZjcQ+ILru5uAT5QIWqvc/l1PEfi3bmrSgcvExnO6nXW2HdbYczLp8zzjnpItZ3ozUw5RupvQzOrPWN1t0k1OtBX94GxoMNKWP1iJmcTfwCAobw/wDLPOJPzQSUGUGlQ0fqbpMqpumI8jSYLT6tCBotWTDhvURwqMGly8XDSymAoytLwIMIsBKvnyg3MmZRjAlGPWJ3N7xixoje8VOAWP1mdqbOsZtfmeczNS/UQgte6Nd91Sj1E7DM5j4erza7nooM2uI8RSpTlxmcvrS3rGvHwvq9YF3ZP5mnF8c401h7Otj2Y8UW4nxt7CyqxCTLM39H0JPn5Zer6v1Ez5HOJYEH6SvtIv05Tpc7wp1wZXPWXzI9fnCUAmQDrIR15yenOMkBnTcA+I9mKNS52eFD+GczK5kd8TqeV8d58Ps5aUJnjHrBk+k8iR6Adx8onefFHSJl627x4P5Z0+jGnDL1AJO4np4YNH9Zdzz5mUT3E69c3rTyZQw4bpyiu7pyjCeXXMHOuIbMCHl98DXJgaX5y7tyOIGgxCNSo+CaCGZVTTRo+XMRmq26RoGLJDA9OUcOjrCQYl/SBLTwmQmCJ9BAPTAu0I5gHaADZoBm68pd4Fz5ZjCjH1gLjCO/WLWt0gAbbJn3tGrD1mfc/PIjkDG4s57izOJ685vmtWXUWMmSmzaOg+8OJmajR5/hgTWM7NB0b8yMzXrbpMkaco4Djn4l+lk0q/kGYqfNaNX1jiNM5G6YjdTeszrTTC+eIdX94oHl1P4ohpwPB2WeeYLf5wdtnrFg1na98uvTlPdO0Uvb7xoxUZWFK06jH6/LnMug9I/WZJn626YMODFa4wgjAmYQQfpLemIEIJaVAkBgFiYOx5HbygLLYBS55m3N1jFtnnM+2yKgC5uszr3843ceUzdTZKkK0fScYFCWgL943hmJq9dZaS1jmCubLGDEqcT5+2d7vx9Jt9p7s9Z4Gl/qZSXgWWlCvnLjyzAPCOsg8hPSJM9QRAKtXnygSvlGQ08sAwSISjC/pKN5whHUTxvKMn2A+plPWQnpzM8Y8iJ40j1AWbCuw8piXcySxmlqX5EeRmRqDzxmdnozw15ngte/eXC9cLIF6QepPMEEZl89BmbuX1vkZYwh8zFFfpiGR+mTBzjrLboJT4pcY84EsX5HMpTI57rStERxpUkeUdoEz6z0mhSfKJUPKfeMLFao0hjhDVwg84NJcRwPM9ZQy+2DYekBqrHqItZDP0i7/wCEKAbDF2MLY8Uc+sDirv7wFhkY5xAO0WkHa0zrjHb285m3HrLhV6bkWu5PnfZu/KKzmMaTSBc6i4V7R4VJnPPdzckc/eWa1nI7zZmmI2tHjDluzsBTbzVMDwiv1gKn8MWZ8hlPXxT3Tv5ZiwStVH6GM1v6RBH5DJhFfpJsXp82T3f7xcW9JGsk4dpntPSDeyAa2DseOQtBsbvMTC1GIq/NjHKT0hRK0aG8sR+g9Jn0r5zQpHWIzlcaQiKVHrGF8+cQHzLK3SA/DgwwgKNmUZ57BN5xlqtjdOcVd+sI9nvFbG8hBUDubrmI2kc+cNa3rErW6xCgXNMfWWdczQvf6TH1bc8ZlyMuqVJ88yIfaUlj5S2a5nqn6YkH0lgsRxcAczKnykzPGEA9J8wJ5ulc+pnmR5RjXrGQPK+8qYEIw9IGEQyjj0igfWs9CBKWHrPS3XMq3pPJj1YS1fygNMyzqTk5mhqzyOJlXNO30vhrL4Kao5bJ6+KeZ6NKakytRz5zXHJ6xweUIh6jHKLKfUwofzA/lg5zKmWz4jnrFUs8j5Q4boYCLWPy5dJWoyFuuZSvz5xURoUzSpPSZlJ6c5oVfLJNo1w6GLIekaTpA9GU9IwDFlEMg6Sk6tjrBMYcr7wLDrHg0F4taYayK2GKnClxiz+cNYefWJWt1MQVJ94C1pcv1OYGxv8A3R4AbmmbqLPFHLvOZmsbutzlyJtIDyPOGWwdGgCfJDIzyylE05y5XyOZ6nIsJWtu8h85e9cMDjrBJlHHKHWyJI8MH8syarTaW+8hsi4bpPN0WHo/aQVlviwRK7+ogbmjwrXtHn6GPVj1ienmhWJNVD9Qj1Q94lpzHFkmZXzhUaLqfaGV4Ayre0Mre/KL1mFB8UchUTdKWWe0qXgrXhggFrRW55exusUsfzzFTUsfqIhfbC22RG9vQxyFaVvt65aZtpzzEPqrOogqgDkEc5pIxtAIlkPlGbaMcx0MWevGDGWilfMyEzxG8pbs+vWA14reRlWPlmEKeREHYPWIVVpRRID1E9YeYjEeg9MCRpTdLbvUwwteSZ9ek8EjR4NfVmaVJglb3lmnkSPWhfVL3XEx38+U2rW65xMm7q2BOr0q0l8M3UdOXWK02d4xq8nmMRJTgibub1D+egM9H1gA/nLKYRy00o6SymAX6mHRuXPEBBQemTBhyC3LlPM/+2UDdQYHK0qD0PkZo0+Uy9OZp0npIVGnW/nj+WNVxCh+kdQxwU0G6QqQNY6RgGVibUsgj5yzHrgwbmMF7D15RO4+IxmxuvKI2mTaIVtiFjeUctijjrmIw/pFWMPY0WsPvKhUte8yta/Ix+1pk675QJUTaHp88ziSxufMQtAO0QT1EnJlaM8L1sMgw9/TIi66cjmIyOi58oaVgS+RBhVMDjqAJdfIwpQbf6SF+kpuld0MGr2NBHmQAZQ2eplqc8xASnqF/aO1L0idXlHafLMitIcoMeqPUmJVRuv3kmZ9ZcGCWXHlmAMZ6Yhi3mBF+UtuPKOBfcIrbZLPbE7X684WhSx/OJ2W+kvc/XnE2MISlr+8zrrOpjV9nWJfMA3SXIjqkdUDyMrS/QiaV9I8wdszLqtpxn8yymWtjSOH+7cjB8/wwer0hQlSvKI6W6dFpiL1NZI7QDufm7OArmrEKmWVumTzmjqdJ4lsX+XMywhVirQFbWj0wuCVgDtPCn5ohfQylksU5Hd5yabUMjCxT/LOu1GjXXUHU0gfbKx96B1tFfnDEy44WxPSXo55VjD2UnLBj3vlirZByYYoTUaRk8S/ywAE67gTU6lDodW4D/8Aybfh9vpMnjPArdM7JYv8sEysjaesqRCqfLHKFNGNrA8vFHRa+iqZZj5wAxLb55WPX0OwxLUL0YD+aO2RVzkNNeKcrIvWZ9vWauqXGZl3J5zqlR6kFrbujmOXdhUiemfmVJjQ9PKDl6HB6S6+0W39IRX840aPnyMoevKWyJXJ5iLBDdL9JqUGZNJ6DzmjWZNjSNOlpoo0y6T0OJo1nzzyhBTtRh+cWQ9IZD5ypSQwbfNCEwdkZE7TELDHrhELPPnJOFLm9Iq5jN5ilp684hhUwFvmRCMYK5uolQibGZ965YDE0HMz2Y7xky4UnkQV4Anm3lzMPa2eUAPTJxBtYKyjHignPhxLBfWeuMc4oXUCIzB+xEID0OeUrLc9eeoE8InuJRj5YgSrNCafPI5gnMLV5RU4fq8o9UIjQOQEdrHWTWkOVGN1mLUkHHSNIJIFQw6nzi4hAfMGA1dm6kyvadZbPliBY+nQwgrw2dYlc/vCs/MxS5+pEBA7G5xax+vtPLLIrbb1wY5E2qai31iBt8+cLexOYmD5YmkjPquk0gW2nAB7VPF+ZZmamnO4Hr8v1ldDqijq6n+Yfij2pQd2xM4PegzYAJBIIORNPR6o5VlPMd5YLWafINg6juvE6rMQU62wi5O0QDtOSNMfUUbtykDtPkMvw/XFGDg8vmmjrtNuxfT595oJ1zIY+FpscG4m9FldlbnIiGpp3b7B1+fHze8WV+nrHBY7DjekS9DxLRqOf/alH9Uf9jOYZN2WUd/5hNngfFzUwDeA/d2qejB5OOcMWthqdOT2LHcnqvsYilYWmuKOLFafSuE8Wp4hSNDrgva+GhjPm9mDmwD+eE0OrNbqwJ/FGXUafxD8M3aV2V6zs5skT4Zeu41Xp3DhfdPcT69wjX0cQ0y06oLvxt91nzb4p+HH0trhV+78SQsT722/kZC3tPW88wc82R7WqWP1giYUDO4yrJ0lQaS1KeeOR8Uzrh7cpsWgEFZm2V9c9Z0cUX4ZZ7rAx1T1ilqwunt6AjnLcvcGIhVkP1lwvIf8sIzqDynhfzngMjGMx6D5madZ9DymRQ3XnNWiZ1UaVLe80qTMvTY5HAmjS37wh05WYyD0i6eUOG9JUiatiCeXz5mDsMKWE7z6zPtPnHNS3Vc84hZ5CTacKWHrkxSxvIxi5uoxEbzCHqjGBdvMQhPQQNo8WDylwith6xIV5JOOYjdgntQj1XE2hsoAg1YesJcYsG9I2lplW8gJGHXMpv6EmXDdSYHSZfyhAZS5fMGURo3LfkWUeeMR0EozecZWqY5xupehzFajHK16gRWiQ5V9I2PaLU+XOOJ5SNaCUJ0E0lEBWOhh1iFXXzlxBZlc9TnlCCwU2RV7OonrN1itlkCVts6jMVez3ksfzi7WdfSMKXPE7rPaXts684jY/UE9JUiOqLWesDfXjmOksj84wVyCD0lMyNbdJr6G3P3bGY7rg4MY01uCOfOBY0L6ypKnpMzU07eYHcM2QQ4GesSuTxVkQ0EqbPImb/COIY+7sPcPdXM5xlKnBh6rvfmI6VbfEdLsPaVj7tv+UzE1NXPevQzodDqVtQ02npMzVUbGas9P+oQKUlTb0ODOn4PxFCr06nnS/dYfhPqJyTqVIOeRjFF+05JhYXUP8S0Bqd1Hh8SejCyJNTy3L0/xUzWS0WqK2b+T8szbNyM6sPyuD80DlPcB42+ntVkbkMT6s/ZcR0xUld+O7Pidq+a5/LOk+E/iJqLEUv8AdnCtkxs++POth7B3vQShs5QLL1xPPWebI9tY2eUoLc8vOTrPAmI5A9RfFgRfVU+Y6/NHEIGRAEy+aGLbX1itTbWAB5TX1FUydRX1InRKx9Tk+r9DCL5c4lQ/dHIxpG9IVhYLgdcT0IJ4G6Yk3HmcQhY85AmaFDdMdJnHqDHqfeTVRp0N0xNLTn3mPQZqUnpziVWmre0KHiqvLK0qVNM7+uYFz6SZ8sQLkwoha9vOIWtGrW6mJ2H3k04Wu9olYfaOWHyzEX88mOFQyeuYC0eh5wrn1gLPMykln8xPR6iUZp7ujxr6dCsb0g8S7nrKARqq+ZYN5CVxPPXnEevXGcxV1I6RpTI6Rys+udJb/OeM/QCWak84NE5kmVrGwelY9UvTlFqV8o7UnnJqoPWnniN1QNcaQ+chRhOglwfPEqrDlPS0Bghf1gnbpmUJ6wb2eUINSy+LPZ1nljdOUXa3GY8LXtlkTteeW29YpY/nmVIi1V7eoAirE5bJhgcnrPLa/MS8Z2qI80NO3LEzFjNNmNpBiIbVVZx6/KImGmqw5B/OIX1cyQP5oFTOkv6Zjd9e7DATFqbBE1tNeOZJMLDKX05+o8MSBxym1qaeRdRz+aZeoq6kD+aOFpjTagqVIM17XW5OQ5jw/wC05ytvUx/Sanby8oqmwKxOqtFuYyCJr6uoMO0XqJmOo5jHP5Y4qUfT34xhppuBcmD/ABR3l/MPSYCk9DHNLqCCDkwRZ5DYlcgyhOMEdJs67TixBbWO+O7b+aYm/buBHIwipXeMnSeCvrD7emZOz9J5uvVtLgQL+ZjfZnoRI1PX/wAsco0izftKh5e7THnjpEmB5gzSFpllyCDMrUV+LA5x8P7wVk05ot1kVttznpHA8HfT1i9d2Dgn+WaMOpjSU+8vu9YqlvRs/wAsLviQITG6jEWeM0+XPnFTjUoPSadJmRpz0GJpUtJNo1npyhlMVq9Iyg9RGT1m84Kx5ZzKviMQjd5mKOPeNXE9IpYYrDhawRWzzjLdYu46844VK2Rd26xm0xVz0MuJpZz1IE8WVs+aVEauKsTPJDLAQbSIJGWWIlHiFU3Spf0ni+sjL5CNnapZZJVKP4gDDqI2fQlR6847UfLMRGOsMjHyisErRX6GXU+sUW/zOYwtmfOLBpxT7zxnPLJi6v1kFkWHaZJ94vZZ7yheBezlzhCtevZzil90hs9ItqGlSFaFZb5Rax+gzLN6CCc9ZUjOvUMMG6giLrDAQIN1kQwpXlAlccoEcrs6DPWXdfPMUVsdDG6mzgEwwit1WMEdPmhNPd6mFtSJuhB6R6NbNVuesV1FWP1g6bumI7gFTmISMexPMdJ7XZGLE65ibLiB1q0X+EeUFqKeeQOUUrsmjU4YFWHKDNn2DzAlUPnmGtQjoIIjzH96Ncamg1mCARLcT4fyF9Y5HxTIrfBzNzQa75LPBDGfUdWZYH1lA/QSwYek8vHsL5856y9OfKVAHOe/UydGvCg84pfpQcggR4CQpmVOirnL9Iy5YA4iu/16zq3o9pn6vhqtkgYb2m3PqJxiWDriJPSGyPOO6rTPXnl3IJDnJE6JSpEoV6E4EIup9RDbT3syu0Hylai8Impztx1mhS3SICtfJY5U3IYMml7Wlp26TTqbw5mPp26TSob3kE1a/WMBohWY5WY4VEJ8zA2/NzEMR6QFkrBCT+ZEWt8/WN3CJWHrgcoWGUf2gX9YZ4vY3ljlCEXtPIiLP5Qz+Yi1r9TKibQbPMkQSy9h6yojVw9VYwiecrWPWHD9ecVdHMDfzijnyjFriKN6wie6tmULZ6TwJ5k8pA46iNnaGi97nGl9M84onUGO1j1jrFasdIUJ+8ovpiFX0J5xShXnywZYXddwnpXzxPPXlADLZ5q3KQ2RZ0646wA1WDjEMFp42wLv1gTf1gnt9oSC1ZrOsWss855bb1izPKkTauGkcdTiUUwqkdIJoQMsDPHE8ECOIwldSowrCDX2MMBkYJjBMQ9NnNYK6vBM8UxFK1XO4AgftF7FyMHr8s9ot8vKMmnkzqIjZQYg+eRHabvLJxAair5oOmzmAYyrRsTPTrEbF65jqP5Yg716w1MrOU4PWNVW9MGBdfbnBoTHgagG7lmKGvBYS1NvQAxp03LkdYFL5Z7S1VmCDiUYY5GeZgqv/9k=\" style=\"width: 157.21px; height: 247.719px;\" data-filename=\"simdiri.jpeg\"><span style=\"color: rgb(0, 0, 0); font-family: &quot;Open Sans&quot;, Arial, sans-serif; font-size: 14px; text-align: justify;\"><br></span></p><p><span style=\"color: rgb(0, 0, 0); font-family: &quot;Open Sans&quot;, Arial, sans-serif; font-size: 14px; text-align: justify;\">There are many variations of passages of Lorem Ipsum available, but the majority have suffered alteration in some form, by injected humour, or randomised words which don\'t look even slightly believable. If you are going to use a passage of Lorem Ipsum, you need to be sure there isn\'t anything embarrassing hidden in the middle of text. All the Lorem Ipsum generators on the Internet tend to repeat predefined chunks as necessary, making this the first true generator on the Internet. It uses a dictionary of over 200 Latin words, combined with a handful of model sentence structures, to generate Lorem Ipsum which looks reasonable. The generated Lorem Ipsum is therefore always free from repetition, injected humour, or non-characteristic words etc.</span><span style=\"color: rgb(0, 0, 0); font-family: &quot;Open Sans&quot;, Arial, sans-serif; font-size: 14px; text-align: justify;\"><br></span><span style=\"color: rgb(0, 0, 0); font-family: &quot;Open Sans&quot;, Arial, sans-serif; font-size: 14px; text-align: justify;\"><br></span><br></p>', 'parent-partnership', 'partnership-with-parents', 0, 'OR5JJOzq9pF1NvhqJVeLbNfsEvtUJxcF7SoGqwq5.png', 'R69dZj8VY0WlXMuLFmKsE8CuzjYuCMaSjvvMn0a7.png', '2021-08-09 12:25:24', '2021-08-09 15:46:05');
INSERT INTO `pages` (`id`, `page_category_id`, `title`, `content`, `path`, `slug`, `completed`, `banner`, `footer_image`, `created_at`, `updated_at`) VALUES
(7, 1, 'contact us', NULL, 'contact-us', 'contact-us', 0, NULL, NULL, '2021-08-09 12:25:24', '2021-08-09 13:45:21'),
(8, 2, 'academic facilities', NULL, 'academic-facilities', 'academic-facilities', 0, NULL, NULL, '2021-08-09 12:25:24', '2021-08-09 13:45:21'),
(9, 2, 'junior school', NULL, 'junior-school', 'junior-school', 0, NULL, NULL, '2021-08-09 12:25:24', '2021-08-09 13:45:21'),
(10, 2, 'senior school', NULL, 'senior-school', 'senior-school', 0, NULL, NULL, '2021-08-09 12:25:24', '2021-08-09 13:45:21'),
(11, 2, 'library', NULL, 'library', 'library', 0, NULL, NULL, '2021-08-09 12:25:24', '2021-08-09 13:45:21'),
(12, 2, 'academic calendar', NULL, 'academic-calendar', 'academic-calendar', 0, NULL, NULL, '2021-08-09 12:25:24', '2021-08-09 13:45:21'),
(13, 3, 'admission procedure', NULL, 'admission-procedure', 'admission-procedure', 0, NULL, NULL, '2021-08-09 12:25:24', '2021-08-09 13:45:21'),
(14, 3, 'school tuition fee', NULL, 'tuition', 'school-tuition-fee', 0, NULL, NULL, '2021-08-09 12:25:24', '2021-08-09 13:45:21'),
(15, 3, 'scholarship', NULL, 'scholarships', 'scholarship', 0, NULL, NULL, '2021-08-09 12:25:24', '2021-08-09 13:45:21'),
(16, 3, 'faqs', NULL, 'faq', 'faqs', 0, NULL, NULL, '2021-08-09 12:25:24', '2021-08-09 13:45:21'),
(17, 3, 'apply to lagoon school', NULL, 'apply', 'apply-to-lagoon-school', 0, NULL, NULL, '2021-08-09 12:25:24', '2021-08-09 13:45:21'),
(18, 5, 'life in lagoon', NULL, 'life-at-lagoon', 'life-in-lagoon', 0, NULL, NULL, '2021-08-09 12:25:24', '2021-08-09 13:45:21'),
(19, 5, 'lagoon traditions', NULL, 'traditions', 'lagoon-traditions', 0, NULL, NULL, '2021-08-09 12:25:24', '2021-08-09 13:45:21'),
(20, 5, 'student leadership', NULL, 'leadership', 'student-leadership', 0, NULL, NULL, '2021-08-09 12:25:24', '2021-08-09 13:45:21'),
(21, 5, 'service', NULL, 'service', 'service', 0, NULL, NULL, '2021-08-09 12:25:24', '2021-08-09 13:45:21'),
(22, 5, 'club and activities', NULL, 'club-activities', 'club-and-activities', 0, NULL, NULL, '2021-08-09 12:25:24', '2021-08-09 13:45:21'),
(23, 5, 'mentoring/tutorials', NULL, 'mentoring-tutorials', 'mentoringtutorials', 0, NULL, NULL, '2021-08-09 12:25:24', '2021-08-09 13:45:21'),
(24, 6, 'why give', NULL, 'why-give', 'why-give', 0, NULL, NULL, '2021-08-09 12:25:24', '2021-08-09 13:45:21'),
(25, 6, 'giving faqs', NULL, 'giving-faq', 'giving-faqs', 0, NULL, NULL, '2021-08-09 12:25:24', '2021-08-09 13:45:21'),
(26, 6, 'how to give', NULL, 'how-to-give', 'how-to-give', 0, NULL, NULL, '2021-08-09 12:25:24', '2021-08-09 13:45:21'),
(27, 7, 'nafad', NULL, 'nafad', 'nafad', 0, NULL, NULL, '2021-08-09 12:25:24', '2021-08-09 13:45:21'),
(28, 7, 'digital safety', NULL, 'digital-safety', 'digital-safety', 0, NULL, NULL, '2021-08-09 12:25:24', '2021-08-09 13:45:21'),
(29, 7, 'lunch menu', NULL, 'lunch-menu', 'lunch-menu', 0, NULL, NULL, '2021-08-09 12:25:24', '2021-08-09 13:45:21');

-- --------------------------------------------------------

--
-- Table structure for table `page_categories`
--

CREATE TABLE `page_categories` (
  `id` bigint UNSIGNED NOT NULL,
  `name` varchar(255) COLLATE utf8mb4_unicode_ci NOT NULL,
  `created_at` timestamp NULL DEFAULT NULL,
  `updated_at` timestamp NULL DEFAULT NULL
) ENGINE=InnoDB DEFAULT CHARSET=utf8mb4 COLLATE=utf8mb4_unicode_ci;

--
-- Dumping data for table `page_categories`
--

INSERT INTO `page_categories` (`id`, `name`, `created_at`, `updated_at`) VALUES
(1, 'about', '2021-08-09 12:01:13', '2021-08-09 12:01:13'),
(2, 'academics', '2021-08-09 12:01:13', '2021-08-09 12:01:13'),
(3, 'admission', '2021-08-09 12:01:13', '2021-08-09 12:01:13'),
(4, 'faith', '2021-08-09 12:01:13', '2021-08-09 12:01:13'),
(5, 'student life', '2021-08-09 12:01:13', '2021-08-09 12:01:13'),
(6, 'giving', '2021-08-09 12:01:13', '2021-08-09 12:01:13'),
(7, 'parents', '2021-08-09 12:01:13', '2021-08-09 12:01:13');

-- --------------------------------------------------------

--
-- Table structure for table `password_resets`
--

CREATE TABLE `password_resets` (
  `email` varchar(255) COLLATE utf8mb4_unicode_ci NOT NULL,
  `token` varchar(255) COLLATE utf8mb4_unicode_ci NOT NULL,
  `created_at` timestamp NULL DEFAULT NULL
) ENGINE=InnoDB DEFAULT CHARSET=utf8mb4 COLLATE=utf8mb4_unicode_ci;

-- --------------------------------------------------------

--
-- Table structure for table `roles`
--

CREATE TABLE `roles` (
  `id` bigint UNSIGNED NOT NULL,
  `title` varchar(255) COLLATE utf8mb4_unicode_ci NOT NULL,
  `label` varchar(255) COLLATE utf8mb4_unicode_ci NOT NULL,
  `description` text COLLATE utf8mb4_unicode_ci,
  `created_at` timestamp NULL DEFAULT NULL,
  `updated_at` timestamp NULL DEFAULT NULL
) ENGINE=InnoDB DEFAULT CHARSET=utf8mb4 COLLATE=utf8mb4_unicode_ci;

--
-- Dumping data for table `roles`
--

INSERT INTO `roles` (`id`, `title`, `label`, `description`, `created_at`, `updated_at`) VALUES
(1, 'admin', 'ADMIN', 'site admin', '2021-08-09 09:42:28', '2021-08-09 09:42:28'),
(2, 'staff', 'STAFF', 'site staff', '2021-08-09 09:42:28', '2021-08-09 09:42:28'),
(3, 'regular', 'REGULAR', 'site regular', '2021-08-09 09:42:28', '2021-08-09 09:42:28');

-- --------------------------------------------------------

--
-- Table structure for table `role_user`
--

CREATE TABLE `role_user` (
  `id` bigint UNSIGNED NOT NULL,
  `role_id` bigint UNSIGNED NOT NULL,
  `user_id` bigint UNSIGNED NOT NULL
) ENGINE=InnoDB DEFAULT CHARSET=utf8mb4 COLLATE=utf8mb4_unicode_ci;

--
-- Dumping data for table `role_user`
--

INSERT INTO `role_user` (`id`, `role_id`, `user_id`) VALUES
(1, 1, 1);

-- --------------------------------------------------------

--
-- Table structure for table `site_settings`
--

CREATE TABLE `site_settings` (
  `id` bigint UNSIGNED NOT NULL,
  `display_name` varchar(255) COLLATE utf8mb4_unicode_ci DEFAULT NULL,
  `logo` varchar(255) COLLATE utf8mb4_unicode_ci DEFAULT NULL,
  `created_at` timestamp NULL DEFAULT NULL,
  `updated_at` timestamp NULL DEFAULT NULL
) ENGINE=InnoDB DEFAULT CHARSET=utf8mb4 COLLATE=utf8mb4_unicode_ci;

--
-- Dumping data for table `site_settings`
--

INSERT INTO `site_settings` (`id`, `display_name`, `logo`, `created_at`, `updated_at`) VALUES
(1, NULL, NULL, '2021-11-17 14:00:56', '2021-11-17 14:00:56');

-- --------------------------------------------------------

--
-- Table structure for table `sponsors`
--

CREATE TABLE `sponsors` (
  `id` bigint UNSIGNED NOT NULL,
  `name` varchar(255) COLLATE utf8mb4_unicode_ci NOT NULL,
  `image` varchar(255) COLLATE utf8mb4_unicode_ci NOT NULL,
  `created_at` timestamp NULL DEFAULT NULL,
  `updated_at` timestamp NULL DEFAULT NULL
) ENGINE=InnoDB DEFAULT CHARSET=utf8mb4 COLLATE=utf8mb4_unicode_ci;

-- --------------------------------------------------------

--
-- Table structure for table `users`
--

CREATE TABLE `users` (
  `id` bigint UNSIGNED NOT NULL,
  `name` varchar(255) COLLATE utf8mb4_unicode_ci NOT NULL,
  `email` varchar(255) COLLATE utf8mb4_unicode_ci NOT NULL,
  `email_verified_at` timestamp NULL DEFAULT NULL,
  `password` varchar(255) COLLATE utf8mb4_unicode_ci NOT NULL,
  `remember_token` varchar(100) COLLATE utf8mb4_unicode_ci DEFAULT NULL,
  `created_at` timestamp NULL DEFAULT NULL,
  `updated_at` timestamp NULL DEFAULT NULL
) ENGINE=InnoDB DEFAULT CHARSET=utf8mb4 COLLATE=utf8mb4_unicode_ci;

--
-- Dumping data for table `users`
--

INSERT INTO `users` (`id`, `name`, `email`, `email_verified_at`, `password`, `remember_token`, `created_at`, `updated_at`) VALUES
(1, 'School Admin', 'admin@school.io', '2021-08-09 09:30:38', '$2y$10$gLrXqf1vI0X/BoKoH8lFMer7P.i60fBH9Tcfquq0AvaOtYrk1c9qS', NULL, '2021-08-09 09:30:38', '2021-08-09 09:30:38');

--
-- Indexes for dumped tables
--

--
-- Indexes for table `articles`
--
ALTER TABLE `articles`
  ADD PRIMARY KEY (`id`);

--
-- Indexes for table `failed_jobs`
--
ALTER TABLE `failed_jobs`
  ADD PRIMARY KEY (`id`),
  ADD UNIQUE KEY `failed_jobs_uuid_unique` (`uuid`);

--
-- Indexes for table `migrations`
--
ALTER TABLE `migrations`
  ADD PRIMARY KEY (`id`);

--
-- Indexes for table `news`
--
ALTER TABLE `news`
  ADD PRIMARY KEY (`id`);

--
-- Indexes for table `pages`
--
ALTER TABLE `pages`
  ADD PRIMARY KEY (`id`),
  ADD KEY `pages_page_category_id_foreign` (`page_category_id`);

--
-- Indexes for table `page_categories`
--
ALTER TABLE `page_categories`
  ADD PRIMARY KEY (`id`);

--
-- Indexes for table `password_resets`
--
ALTER TABLE `password_resets`
  ADD KEY `password_resets_email_index` (`email`);

--
-- Indexes for table `roles`
--
ALTER TABLE `roles`
  ADD PRIMARY KEY (`id`);

--
-- Indexes for table `role_user`
--
ALTER TABLE `role_user`
  ADD PRIMARY KEY (`id`);

--
-- Indexes for table `site_settings`
--
ALTER TABLE `site_settings`
  ADD PRIMARY KEY (`id`);

--
-- Indexes for table `sponsors`
--
ALTER TABLE `sponsors`
  ADD PRIMARY KEY (`id`);

--
-- Indexes for table `users`
--
ALTER TABLE `users`
  ADD PRIMARY KEY (`id`),
  ADD UNIQUE KEY `users_email_unique` (`email`);

--
-- AUTO_INCREMENT for dumped tables
--

--
-- AUTO_INCREMENT for table `articles`
--
ALTER TABLE `articles`
  MODIFY `id` bigint UNSIGNED NOT NULL AUTO_INCREMENT;

--
-- AUTO_INCREMENT for table `failed_jobs`
--
ALTER TABLE `failed_jobs`
  MODIFY `id` bigint UNSIGNED NOT NULL AUTO_INCREMENT;

--
-- AUTO_INCREMENT for table `migrations`
--
ALTER TABLE `migrations`
  MODIFY `id` int UNSIGNED NOT NULL AUTO_INCREMENT, AUTO_INCREMENT=20;

--
-- AUTO_INCREMENT for table `news`
--
ALTER TABLE `news`
  MODIFY `id` bigint UNSIGNED NOT NULL AUTO_INCREMENT, AUTO_INCREMENT=4;

--
-- AUTO_INCREMENT for table `pages`
--
ALTER TABLE `pages`
  MODIFY `id` bigint UNSIGNED NOT NULL AUTO_INCREMENT, AUTO_INCREMENT=30;

--
-- AUTO_INCREMENT for table `page_categories`
--
ALTER TABLE `page_categories`
  MODIFY `id` bigint UNSIGNED NOT NULL AUTO_INCREMENT, AUTO_INCREMENT=8;

--
-- AUTO_INCREMENT for table `roles`
--
ALTER TABLE `roles`
  MODIFY `id` bigint UNSIGNED NOT NULL AUTO_INCREMENT, AUTO_INCREMENT=4;

--
-- AUTO_INCREMENT for table `role_user`
--
ALTER TABLE `role_user`
  MODIFY `id` bigint UNSIGNED NOT NULL AUTO_INCREMENT, AUTO_INCREMENT=2;

--
-- AUTO_INCREMENT for table `site_settings`
--
ALTER TABLE `site_settings`
  MODIFY `id` bigint UNSIGNED NOT NULL AUTO_INCREMENT, AUTO_INCREMENT=2;

--
-- AUTO_INCREMENT for table `sponsors`
--
ALTER TABLE `sponsors`
  MODIFY `id` bigint UNSIGNED NOT NULL AUTO_INCREMENT;

--
-- AUTO_INCREMENT for table `users`
--
ALTER TABLE `users`
  MODIFY `id` bigint UNSIGNED NOT NULL AUTO_INCREMENT, AUTO_INCREMENT=2;

--
-- Constraints for dumped tables
--

--
-- Constraints for table `pages`
--
ALTER TABLE `pages`
  ADD CONSTRAINT `pages_page_category_id_foreign` FOREIGN KEY (`page_category_id`) REFERENCES `page_categories` (`id`);
COMMIT;

/*!40101 SET CHARACTER_SET_CLIENT=@OLD_CHARACTER_SET_CLIENT */;
/*!40101 SET CHARACTER_SET_RESULTS=@OLD_CHARACTER_SET_RESULTS */;
/*!40101 SET COLLATION_CONNECTION=@OLD_COLLATION_CONNECTION */;
